
"FirstName","LastName","Company","Address","City","County",,"ZIP","Phone","Fax","Email","Web"
"Essie","Vaill","LitronicIndustries","14225HancockDr","Anchorage","Anchorage",,"99515","907-345-0962","907-345-1215","essie@vaill.com","http://www.essievaill.com"
"Cruz","Roudabush","MeridianProducts","2202SCentralAve","Phoenix","Maricopa",,"85004","602-252-4827","602-252-4009","cruz@roudabush.com","http://www.cruzroudabush.com"
"Billie","Tinnes","D&MPlywoodInc","28W27thSt","NewYork","NewYork",,"10001","212-889-5775","212-889-5764","billie@tinnes.com","http://www.billietinnes.com"
"Zackary","Mockus","MetropolitanElevatorCo","286StateSt","PerthAmboy","Middlesex",,"08861","732-442-0638","732-442-5218","zackary@mockus.com","http://www.zackarymockus.com"
"Rosemarie","Fifield","TechnologyServices","3131NNimitzHwy#-105","Honolulu","Honolulu",,"96819","808-836-8966","808-836-6008","rosemarie@fifield.com","http://www.rosemariefifield.com"
"Bernard","Laboy","Century21KeewaydinProp","22661SFrontageRd","Channahon","Will",,"60410","815-467-0487","815-467-1244","bernard@laboy.com","http://www.bernardlaboy.com"
"Sue","Haakinson","KimPeacockBeringhause","9617NMetroPkyW","Phoenix","Maricopa",,"85051","602-953-2753","602-953-0355","sue@haakinson.com","http://www.suehaakinson.com"
"Valerie","Pou","SeaPortRecordOneStopInc","7475HamiltonBlvd","Trexlertown","Lehigh",,"18087","610-395-8743","610-395-6995","valerie@pou.com","http://www.valeriepou.com"
"Lashawn","Hasty","KpffConsultingEngineers","815SGlendoraAve","WestCovina","LosAngeles",,"91790","626-960-6738","626-960-1503","lashawn@hasty.com","http://www.lashawnhasty.com"
"Marianne","Earman","AlbersTechnologiesCorp","6220SOrangeBlossomTrl","Orlando","Orange",,"32809","407-857-0431","407-857-2506","marianne@earman.com","http://www.marianneearman.com"
"Justina","Dragaj","Uchner,DavidDEsq","2552PoplarAve","Memphis",,"TN","38112","901-327-5336","901-327-2911","justina@dragaj.com","http://www.justinadragaj.com"
"Mandy","Mcdonnell","SouthernVermontSurveys","343BushStSe","Salem","Marion",,"97302","503-371-8219","503-371-1118","mandy@mcdonnell.com","http://www.mandymcdonnell.com"
"Conrad","Lanfear","Kahler,KarenTEsq","49RocheWay","Youngstown",,"OH","44512","330-758-0314","330-758-3536","conrad@lanfear.com","http://www.conradlanfear.com"
"Cyril","Behen","NationalPaper&EnvelopeCorp","1650SHarborBlvd","Anaheim","Orange",,"92802","714-772-5050","714-772-3859","cyril@behen.com","http://www.cyrilbehen.com"
"Shelley","Groden","Norton,RobertLEsq","110BroadwaySt","SanAntonio",,"TX","78205","210-229-3017","210-229-9757","shelley@groden.com","http://www.shelleygroden.com"
"Rosalind","Krenzke","WaldeinManufacturing","7000BassLakeRd#-200","Minneapolis","Hennepin",,"55428","763-537-4194","763-537-3885","rosalind@krenzke.com","http://www.rosalindkrenzke.com"
"Davis","Brevard","TransitTradingCorp","6715TippecanoeRd","Canfield","Mahoning",,"44406","330-533-6346","330-533-8211","davis@brevard.com","http://www.davisbrevard.com"
"Winnie","Reich","PacificSeatingCo","1535HawkinsBlvd","ElPaso","ElPaso",,"79925","915-771-2730","915-771-5729","winnie@reich.com","http://www.winniereich.com"
"Trudy","Worlds","Shapiro,MarkREsq","24907TibbittsAven#-b","Valencia",,"CA","91355","661-257-3083","661-257-0924","trudy@worlds.com","http://www.trudyworlds.com"
"Deshawn","Inafuku","TelairDivOfTeleflexInc","3508LeopardSt","CorpusChristi","Nueces",,"78408","361-884-8433","361-884-3985","deshawn@inafuku.com","http://www.deshawninafuku.com"
"Claudio","Loose","AudiotekElectronics","286StateSt","PerthAmboy","Middlesex",,"08861","732-442-8514","732-442-1775","claudio@loose.com","http://www.claudioloose.com"
"Sal","Pindell","Wrigley,RobertIEsq","1112Se1stSt","Evansville",,"IN","47713","812-421-4804","812-421-7625","sal@pindell.com","http://www.salpindell.com"
"Cristina","Sharper","TaxOffice","111W40thSt","NewYork","NewYork",,"10018","212-719-3952","212-719-0754","cristina@sharper.com","http://www.cristinasharper.com"
"Cary","Mccamey","WilliamsScotsman","100EBroadSt","Columbus","Franklin",,"43215","614-225-0900","614-225-1612","cary@mccamey.com","http://www.carymccamey.com"
"Haley","Rocheford","Davis,RobertLEsq","6030GreenwoodPlazaBlvd","Englewood",,"CO","80111","303-689-7729","303-689-5219","haley@rocheford.com","http://www.haleyrocheford.com"
"Dorothea","Sweem","Ehrmann,RolfeFEsq","100ThanetCirc","Trenton",,"NJ","08648","609-896-5871","609-896-2099","dorothea@sweem.com","http://www.dorotheasweem.com"
"Fannie","Steese","Chiapete,WRichardEsq","926EParkAve","Tallahassee",,"FL","32301","850-222-8103","850-222-0105","fannie@steese.com","http://www.fanniesteese.com"
"Allyson","Gillispie","DeFrieseTheo&Sons","1722WhiteHorseMercervilleR","Trenton","Mercer",,"08619","609-584-1794","609-584-0645","allyson@gillispie.com","http://www.allysongillispie.com"
"Roger","Seid","Yoshida,GeraldCEsq","3738NMonroeSt","Tallahassee",,"FL","32303","850-422-1535","850-422-8152","roger@seid.com","http://www.rogerseid.com"
"Dollie","Daquino","JdEdwards&Co","1005CongressAve","Austin","Travis",,"78701","512-478-9636","512-478-9874","dollie@daquino.com","http://www.dolliedaquino.com"
"Eva","Seahorn","SaundersAppraisalInc","3NorthernBlvd","Amherst","Hillsborough",,"03031","603-673-6072","603-673-5009","eva@seahorn.com","http://www.evaseahorn.com"
"Mamie","Mcintee","Jacobs,BrianRealtor","2810JacobsAve","Eureka",,"CA","95501","707-443-0621","707-443-9147","mamie@mcintee.com","http://www.mamiemcintee.com"
"Lyndon","Bellerdine","ABCLock&Key","200CaliforniaSt","SanFrancisco","SanFrancisco",,"94111","415-705-1956","415-705-2887","lyndon@bellerdine.com","http://www.lyndonbellerdine.com"
"Lashonda","Derouen","TravelAgentMagazine","101RoyalSt","Alexandria","AlexandriaCity",,"22314","703-684-3394","703-684-0307","lashonda@derouen.com","http://www.lashondaderouen.com"
"Jacklyn","Emayo","Super8MotelTemple","101UsHighway46","Fairfield","Essex",,"07004","973-882-3960","973-882-1908","jacklyn@emayo.com","http://www.jacklynemayo.com"
"Rubin","Crotts","Misko,CharlesGEsq","303NIndianCanyonDr","PalmSprings",,"CA","92262","760-327-0337","760-327-0929","rubin@crotts.com","http://www.rubincrotts.com"
"Boris","Catino","DreamHomesUsaInc","645ChurchSt","Norfolk","NorfolkCity",,"23510","757-627-8408","757-627-6195","boris@catino.com","http://www.boriscatino.com"
"Jannie","Bowditch","LindsaysLandingRvPk&Mrna","1102MainSt","Grandview","Jackson",,"64030","816-765-0961","816-765-3469","jannie@bowditch.com","http://www.janniebowditch.com"
"Colin","Altonen","Smith,ArthurDEsq","120118thSt","Denver",,"CO","80202","303-292-5477","303-292-4239","colin@altonen.com","http://www.colinaltonen.com"
"Kerry","Evertt","WashingtonCrossingInn","337SNorthLakeBlvd","AltamonteSprings","Seminole",,"32701","407-332-9851","407-332-1718","kerry@evertt.com","http://www.kerryevertt.com"
"Kathie","Argenti","MicrotelFranchise&DevCorp","410FrontSt","Brainerd","CrowWing",,"56401","218-828-9253","218-828-1401","kathie@argenti.com","http://www.kathieargenti.com"
"Henrietta","Cintora","Keyes,JudithDrozEsq","1063FmWzzw","Milton",,"WV","25541","304-743-5440","304-743-7475","henrietta@cintora.com","http://www.henriettacintora.com"
"Mariano","Maury","Donut&SandwichShop","1092SaintGeorgesAve","Rahway","Union",,"07065","732-388-1579","732-388-9355","mariano@maury.com","http://www.marianomaury.com"
"Lottie","Voll","Mason,JosephGEsq","55E10thAve","Eugene",,"OR","97401","541-342-7282","541-342-4657","lottie@voll.com","http://www.lottievoll.com"
"Ofelia","Sheffler","RimpseyAgency","628PacificAve","Oxnard","Ventura",,"93030","805-483-7161","805-483-5693","ofelia@sheffler.com","http://www.ofeliasheffler.com"
"Gaston","Cieloszyk","CenterForHopeHospiceInc","1160Wccs","HomerCity","Indiana",,"15748","724-479-0355","724-479-7077","gaston@cieloszyk.com","http://www.gastoncieloszyk.com"
"Karla","Ken","NicolletProcessEngineering","213511thSt","Rockford","Winnebago",,"61104","815-968-0369","815-968-7904","karla@ken.com","http://www.karlaken.com"
"Avery","Parbol","Schlackman,WilliamH","22343SeStarkSt","Gresham",,"OR","97030","503-666-1948","503-666-9241","avery@parbol.com","http://www.averyparbol.com"
"John","Chipley","ManpowerTemporaryServices","2HorizonRd#-2","FortLee","Bergen",,"07024","201-224-7741","201-224-7282","john@chipley.com","http://www.johnchipley.com"
"Luella","Pliner","UnitedWasteSystems","3437N12thAve","Pensacola","Escambia",,"32503","850-434-2521","850-434-5228","luella@pliner.com","http://www.luellapliner.com"
"Elvira","Blumenthal","StellMortgageInvestors","108WashingtonSt","Keokuk","Lee",,"52632","319-524-6237","319-524-9435","elvira@blumenthal.com","http://www.elvirablumenthal.com"
"Tyree","Courrege","StitchCraft","13201NorthwestFwy","Houston","Harris",,"77040","713-690-9216","713-690-4043","tyree@courrege.com","http://www.tyreecourrege.com"
"Ramon","Amaral","AirAcademyFederalCreditUn","700WHighway287","Lander","Fremont",,"82520","307-332-2667","307-332-3893","ramon@amaral.com","http://www.ramonamaral.com"
"Wilfredo","Gidley","Mclaughlin,JohnFEsq","2255KuhioAve#-1203","Honolulu",,"HI","96815","808-924-2610","808-924-7666","wilfredo@gidley.com","http://www.wilfredogidley.com"
"Gracie","Ehn","PCSystems","Kahala","Honolulu","Honolulu",,"96816","808-247-8624","808-247-7982","gracie@ehn.com","http://www.gracieehn.com"
"Dorthy","Alexy","FrankSiviglia&Co","Pearlridge","Aiea","Honolulu",,"96701","808-247-4421","808-247-7192","dorthy@alexy.com","http://www.dorthyalexy.com"
"Bertie","Luby","Puckett,DennisLEsq","Windward","Kaneohe",,"HI","96744","808-247-8062","808-247-2529","bertie@luby.com","http://www.bertieluby.com"
"Rudy","Kuhle","GeneralInsurcorpInc","14183rdAve","NewYork","NewYork",,"10028","212-628-9987","212-628-1234","rudy@kuhle.com","http://www.rudykuhle.com"
"Gale","Nolau","Lust,CJamesEsq","104NAuroraSt","Ithaca",,"NY","14850","607-277-1567","607-277-6524","gale@nolau.com","http://www.galenolau.com"
"Kenya","Bruni","Hurley,ThomasJJr","280NMidlandAve","SaddleBrook",,"NJ","07663","201-646-9077","201-646-8526","kenya@bruni.com","http://www.kenyabruni.com"
"Tricia","Kruss","Edwards,ElwoodL","4685Ne14thSt","DesMoines",,"IA","50313","515-262-3267","515-262-6264","tricia@kruss.com","http://www.triciakruss.com"
"Mack","Jurasin","Sherman,MichaelDEsq","1180DoraHwy","Pulaski",,"VA","24301","540-980-4958","540-980-2978","mack@jurasin.com","http://www.mackjurasin.com"
"Margarito","Kornbau","AckerKnittingMillsInc","303W15thSt","Austin","Travis",,"78701","512-478-0371","512-478-4449","margarito@kornbau.com","http://www.margaritokornbau.com"
"Lucien","Iurato","AndersonConsulting","391816thAve","Brooklyn","Kings",,"11218","718-871-7952","718-871-3483","lucien@iurato.com","http://www.lucieniurato.com"
"Jarvis","Galas","Younghans&Burke","307EPresidentSt","Savannah","Chatham",,"31401","912-236-8524","912-236-8705","jarvis@galas.com","http://www.jarvisgalas.com"
"Billie","Cowley","Spears,RobertMEsq","1700StreetRd","Warrington",,"PA","18976","215-548-0842","215-548-4706","billie@cowley.com","http://www.billiecowley.com"
"Jacinto","Gawron","MattKokkonenInsuranceAgency","1740House","Lumberville","Bucks",,"18933","215-297-0120","215-297-5442","jacinto@gawron.com","http://www.jacintogawron.com"
"Randall","Kluemper","LifestylesOrganization","Rt16","NorthConway","Carroll",,"03860","603-356-3217","603-356-6174","randall@kluemper.com","http://www.randallkluemper.com"
"Enrique","Oroark","Callaghan,KathleenMEsq","34W17thSt","NewYork",,"NY","10011","212-366-5568","212-366-6877","enrique@oroark.com","http://www.enriqueoroark.com"
"Alva","Pennigton","CitizensSavingsBank","1275CountyRoad210W","Jacksonville","SaintJohns",,"32259","904-260-2345","904-260-3735","alva@pennigton.com","http://www.alvapennigton.com"
"Socorro","Balandran","Mooring","401SMainSt","Greensburg","Westmoreland",,"15601","724-834-6908","724-834-8831","socorro@balandran.com","http://www.socorrobalandran.com"
"Nadia","Wilshire","MidwestUndercarDistributors","1801WestAveS","LaCrosse","LaCrosse",,"54601","608-788-4965","608-788-5946","nadia@wilshire.com","http://www.nadiawilshire.com"
"Reginald","Humes","Cowley&Chidester","44NMainSt","Wolfeboro","Carroll",,"03894","603-569-7730","603-569-8142","reginald@humes.com","http://www.reginaldhumes.com"
"Lynda","Caraway","LoweArtMuseum","1822SpringGardenSt","Philadelphia","Philadelphia",,"19130","215-564-3171","215-564-2241","lynda@caraway.com","http://www.lyndacaraway.com"
"Saundra","Mcaulay","RcfInc","2401ClevelandRdW","Huron","Erie",,"44839","419-433-5558","419-433-9756","saundra@mcaulay.com","http://www.saundramcaulay.com"
"Allan","Schwantd","MicroWireProducts","406Ne3rdSt","McMinnville","Yamhill",,"97128","503-434-9666","503-434-3863","allan@schwantd.com","http://www.allanschwantd.com"
"Wilmer","Constantineau","NutraSource","1745W18thAve","Eugene","Lane",,"97402","541-345-4729","541-345-4884","wilmer@constantineau.com","http://www.wilmerconstantineau.com"
"Savannah","Kesich","WbndAm","221Main","ParkCity","Summit",,"84060","435-645-0986","435-645-9504","savannah@kesich.com","http://www.savannahkesich.com"
"Dwain","Cuttitta","KintechStampingInc","1919ConnecticutAveNw","Washington","DistrictofColumbia",,"20009","202-265-7854","202-265-9475","dwain@cuttitta.com","http://www.dwaincuttitta.com"
"Krystle","Stika","SignatureInn","3730Fm","Houston","Harris",,"77068","281-537-5324","281-537-3235","krystle@stika.com","http://www.krystlestika.com"
"Felipe","Gould","Black,RonaldH","2308BienvilleBlvd","OceanSprings",,"MS","39564","228-875-2811","228-875-6402","felipe@gould.com","http://www.felipegould.com"
"Steve","Schorr","MidwestFireProtectionInc","1810NKingSt","Honolulu","Honolulu",,"96819","808-842-7045","808-842-7338","steve@schorr.com","http://www.steveschorr.com"
"Naomi","Caetano","BashlinIndustriesInc","50SpringSt#-1","Cresskill","Bergen",,"07626","201-569-3572","201-569-5795","naomi@caetano.com","http://www.naomicaetano.com"
"Melody","Saddat","Richards,EdwardWEsq","3540S84thSt","Omaha",,"NE","68124","402-397-0581","402-397-8391","melody@saddat.com","http://www.melodysaddat.com"
"Mitchel","Harnar","CopycatQuickPrint","1810PioneerAve","Cheyenne","Laramie",,"82001","307-632-0256","307-632-2516","mitchel@harnar.com","http://www.mitchelharnar.com"
"Sharlene","Circelli","CalibronSystemsInc","4018WClearwaterAve","Kennewick","Benton",,"99336","509-783-5167","509-783-7346","sharlene@circelli.com","http://www.sharlenecircelli.com"
"Sean","Bonnet","CorporateAlternativesInc","3043RidgeRd","Lansing","Cook",,"60438","708-474-4766","708-474-0011","sean@bonnet.com","http://www.seanbonnet.com"
"Travis","Brockert","SantaCruzTitleCo","7828N19thAve","Phoenix","Maricopa",,"85021","602-995-1362","602-995-0966","travis@brockert.com","http://www.travisbrockert.com"
"Candice","Bruckman","FernandoFoodsInc","6111stAveN","Humboldt","Humboldt",,"50548","515-332-0809","515-332-9083","candice@bruckman.com","http://www.candicebruckman.com"
"Mabel","Weeden","PepsiColaGenBottlersInc","300EPhillipsSt","Richardson","Dallas",,"75081","972-235-5619","972-235-1843","mabel@weeden.com","http://www.mabelweeden.com"
"Armando","Papik","CryogenicSocietyOfAmerica","615WMarkhamSt","LittleRock","Pulaski",,"72201","501-376-4154","501-376-0608","armando@papik.com","http://www.armandopapik.com"
"Kevin","Edd","Peebles,WilliamJEsq","64DyervilleAve","Johnston",,"RI","02919","401-453-8514","401-453-7085","kevin@edd.com","http://www.kevinedd.com"
"Raphael","Bickel","SShamash&SonsInc","550NBrandBlvd#-800","Glendale","LosAngeles",,"91203","818-246-1195","818-246-4734","raphael@bickel.com","http://www.raphaelbickel.com"
"Darren","Merlin","Pozzuolo&PerkissPc","550NEdwardSt","Decatur","Macon",,"62522","217-428-0453","217-428-1491","darren@merlin.com","http://www.darrenmerlin.com"
"Francis","Soo","AllenIndustrialSupply","218WMainSt","Sparta","Monroe",,"54656","608-269-7306","608-269-3359","francis@soo.com","http://www.francissoo.com"
"Nelly","Jakuboski","Hammerman,StanleyMEsq","103MainSt","Ridgefield",,"CT","06877","203-438-9250","203-438-5109","nelly@jakuboski.com","http://www.nellyjakuboski.com"
"Mitzi","Ihenyen","Helm,NormanO","9793rdAve","NewYork",,"NY","10022","212-838-8303","212-838-3221","mitzi@ihenyen.com","http://www.mitziihenyen.com"
"Kathleen","Beresnyak","R&EAssociates","100W25thAve","SanMateo","SanMateo",,"94403","650-349-6809","650-349-5962","kathleen@beresnyak.com","http://www.kathleenberesnyak.com"
"Adela","Cervantsz","ArizonaAwards","1025thStN","Clanton","Chilton",,"35045","205-755-4137","205-755-1034","adela@cervantsz.com","http://www.adelacervantsz.com"
"Randal","Gansen","QuikPrint","1FirstFederalPlz","Rochester","Monroe",,"14614","585-238-8558","585-238-7764","randal@gansen.com","http://www.randalgansen.com"
"Alyssa","Biasotti","JohnsonHardwareCo","22JamesSt","Middletown","Orange",,"10940","845-343-1878","845-343-5354","alyssa@biasotti.com","http://www.alyssabiasotti.com"
"Janet","Schaffter","Hall,CamdenMEsq","131RimbachSt","Hammond",,"IN","46320","219-853-9283","219-853-9329","janet@schaffter.com","http://www.janetschaffter.com"
"Armando","Kolm","Cooper&CooperCpas","201NMainSt","Anderson","Anderson",,"29621","864-260-3642","864-260-9205","armando@kolm.com","http://www.armandokolm.com"
"Gil","Scarpa","Hughes,JamesDEsq","12EBroadSt","Hazleton",,"PA","18201","570-459-9281","570-459-5191","gil@scarpa.com","http://www.gilscarpa.com"
"Vanessa","Lewallen","FargoGlass&PaintCo","5EMain","Centerburg","Knox",,"43011","740-625-8098","740-625-1696","vanessa@lewallen.com","http://www.vanessalewallen.com"
"Burton","Brining","CorcoranMachineCompany","135ELibertySt","Wooster","Wayne",,"44691","330-262-5481","330-262-7555","burton@brining.com","http://www.burtonbrining.com"
"Rosalie","Krigger","Aaron,WilliamEsq","330Route211E","Middletown",,"NY","10940","845-343-2313","845-343-2979","rosalie@krigger.com","http://www.rosaliekrigger.com"
"Tammie","Schwartzwalde","Cox,ThomasE","415CenterSt","Ironton",,"OH","45638","740-532-5488","740-532-0319","tammie@schwartzwalde.com","http://www.tammieschwartzwalde.com"
"Darrin","Neiss","Delaney,JamesJJr","101WCentralBlvd","Kewanee",,"IL","61443","309-852-5127","309-852-8638","darrin@neiss.com","http://www.darrinneiss.com"
"Rosalia","Kennemur","Reagan,ThomasJEsq","222S10thSt","Oakdale",,"LA","71463","318-335-5586","318-335-1873","rosalia@kennemur.com","http://www.rosaliakennemur.com"
"Callie","Leboeuf","TownMotors","100S2ndAve","Alpena","Alpena",,"49707","989-354-3344","989-354-3712","callie@leboeuf.com","http://www.callieleboeuf.com"
"Patty","Bernasconi","PorterWrightMorris&Arthur","851FortStreetMall","Honolulu","Honolulu",,"96813","808-531-2621","808-531-6234","patty@bernasconi.com","http://www.pattybernasconi.com"
"Elmo","Gabouer","Conduit&FoundationCorp","275WBridgeSt","NewHope","Bucks",,"18938","215-862-6538","215-862-7006","elmo@gabouer.com","http://www.elmogabouer.com"
"Logan","Muhl","Brown,PhillipCEsq","126SBellevueAve","Langhorne",,"PA","19047","215-757-6124","215-757-2785","logan@muhl.com","http://www.loganmuhl.com"
"Vivian","Brzostowski","Savage,PhilipMIii","118MillSt","Bristol",,"PA","19007","215-788-2791","215-788-3902","vivian@brzostowski.com","http://www.vivianbrzostowski.com"
"Efren","Baucher","ROBinsonInc","Rts232&413","Newtown","Bucks",,"18940","215-598-4644","215-598-5929","efren@baucher.com","http://www.efrenbaucher.com"
"Kurtis","Mcbay","PCEnterprisesLtd","737LevittownCtr","Levittown","Bucks",,"19055","215-946-6048","215-946-6458","kurtis@mcbay.com","http://www.kurtismcbay.com"
"Guillermo","Tsang","Gillis,DonaldWEsq","16HighlandParkWay","Levittown",,"PA","19056","215-949-7912","215-949-8919","guillermo@tsang.com","http://www.guillermotsang.com"
"Milton","Kuhlman","ImagCorp","237JacksonStSw","Camden","Ouachita",,"71701","870-836-9021","870-836-2283","milton@kuhlman.com","http://www.miltonkuhlman.com"
"Naomi","Greenly","KpmgPeatMarwickLlp","1400GaultAveN","FortPayne","DeKalb",,"35967","256-845-1216","256-845-2469","naomi@greenly.com","http://www.naomigreenly.com"
"Mary","Maurizio","CareyFilterWhite&Boland","404MainSt","Delta","Fulton",,"43515","419-822-7176","419-822-0591","mary@maurizio.com","http://www.marymaurizio.com"
"Caitlin","Reiniger","White,LawrenceREsq","140NColumbusSt","Galion",,"OH","44833","419-468-6910","419-468-9018","caitlin@reiniger.com","http://www.caitlinreiniger.com"
"Coleman","Cuneo","M&MMars","25EHighSt","Waynesburg","Greene",,"15370","724-627-4378","724-627-2305","coleman@cuneo.com","http://www.colemancuneo.com"
"Rachel","Larrison","IpaTheEditingHouse","3721OberlinAve","Lorain","Lorain",,"44053","440-282-3729","440-282-6918","rachel@larrison.com","http://www.rachellarrison.com"
"Dwayne","Maddalena","Ebbeson,JamesOEsq","532CourtSt","Pekin",,"IL","61554","309-347-1137","309-347-9282","dwayne@maddalena.com","http://www.dwaynemaddalena.com"
"Angelique","Schermerhorn","SafetyDirectInc","511SaintJohnsAve","Palatka","Putnam",,"32177","386-328-7869","386-328-1499","angelique@schermerhorn.com","http://www.angeliqueschermerhorn.com"
"Junior","Wadlinger","SonosMusic","185EMarketSt","Warren","Trumbull",,"44481","330-393-9794","330-393-6808","junior@wadlinger.com","http://www.juniorwadlinger.com"
"Darrel","Tork","S&TMachining","2121SMannheimRd","Westchester","Cook",,"60154","708-865-8091","708-865-8984","darrel@tork.com","http://www.darreltork.com"
"Lana","Garrigus","RussellBuilders&Hardware","118Ne3rdSt","McMinnville","Yamhill",,"97128","503-434-2642","503-434-8121","lana@garrigus.com","http://www.lanagarrigus.com"
"Jonathon","Waldall","MissionHillsEscrow","300HamptonSt","Walterboro","Colleton",,"29488","843-549-9461","843-549-0125","jonathon@waldall.com","http://www.jonathonwaldall.com"
"Kristine","Paker","ChagrinValleyMassotherapy","301NPineSt","Creston","Union",,"50801","641-782-7169","641-782-7962","kristine@paker.com","http://www.kristinepaker.com"
"Dwain","Agricola","BeattySatchellEverngam&Co","211NMainSt","Leitchfield","Grayson",,"42754","270-259-5194","270-259-0821","dwain@agricola.com","http://www.dwainagricola.com"
"Jewel","Agresta","MdAssnCertPubAcctsInc","4565HarrisonSt","Hillside","Cook",,"60162","708-449-7139","708-449-2963","jewel@agresta.com","http://www.jewelagresta.com"
"Georgette","Bandyk","SpecialtyAlumnCastingsInc","1965WakefieldAve","Petersburg","PetersburgCity",,"23805","804-796-2746","804-796-5351","georgette@bandyk.com","http://www.georgettebandyk.com"
"Geri","Forness","QualityDynamicsGroup","CapitolAve","Corydon","Harrison",,"47112","812-738-9416","812-738-4816","geri@forness.com","http://www.geriforness.com"
"Modesto","Scroggie","Bulloch,BruceCpa","300OrlandoDr","Raritan",,"NJ","08869","908-980-5621","908-980-9842","modesto@scroggie.com","http://www.modestoscroggie.com"
"Curt","Menedez","J&JMachineryRepairInc","207Yukon","Tampa","Hillsborough",,"33604","813-932-8602","813-932-4548","curt@menedez.com","http://www.curtmenedez.com"
"Karen","Zombo","HealthcareFamilyCreditUnion","3112WKennedyBlvd","Tampa","Hillsborough",,"33609","813-872-4288","813-872-8262","karen@zombo.com","http://www.karenzombo.com"
"Lora","Lendor","AdvancedElectromagneticsInc","7WDarlingtonAve","Kissimmee","Osceola",,"34741","407-870-0382","407-870-6229","lora@lendor.com","http://www.loralendor.com"
"Felipe","Mahone","ApartmentMart","1001BishopSt#-2850","Honolulu","Honolulu",,"96813","808-536-3239","808-536-1231","felipe@mahone.com","http://www.felipemahone.com"
"Rosalyn","Daulton","RodgardCorp","300BroadacresDr","Bloomfield","Essex",,"07003","973-338-8552","973-338-1603","rosalyn@daulton.com","http://www.rosalyndaulton.com"
"Marquita","Bousman","Constantine,KatherineAEsq","30HighlandAve","Warwick",,"NY","10990","845-986-0909","845-986-2447","marquita@bousman.com","http://www.marquitabousman.com"
"Carla","Sirbaugh","Urso,NataleLEsq","110SLaBreaAve#-22","Inglewood",,"CA","90301","310-412-6653","310-412-1067","carla@sirbaugh.com","http://www.carlasirbaugh.com"
"Wes","Fontanella","WoodsideTravelTrust","1369WRedondoBeachBlvd","Gardena","LosAngeles",,"90247","310-515-3065","310-515-2515","wes@fontanella.com","http://www.wesfontanella.com"
"Meredith","Ivrin","HamiltonFinancialCorp","323NGilbertSt","Danville","Vermilion",,"61832","217-446-7172","217-446-2369","meredith@ivrin.com","http://www.meredithivrin.com"
"Laurie","Bigg","EsscInc","14500LakesideCir","SterlingHeights","Macomb",,"48313","586-247-6171","586-247-9791","laurie@bigg.com","http://www.lauriebigg.com"
"Barton","Friesner","OpticalSupply","1SummitCt","Fishkill","Dutchess",,"12524","845-896-6652","845-896-1692","barton@friesner.com","http://www.bartonfriesner.com"
"Sophie","Langner","Kapetanakis,AlexanderEsq","535WardAve#-204","Honolulu",,"HI","96814","808-545-7695","808-545-8636","sophie@langner.com","http://www.sophielangner.com"
"Garfield","Lijewski","Denker,AaronEsq","6401NLincolnAve","Chicago",,"IL","60645","773-976-3827","773-976-5586","garfield@lijewski.com","http://www.garfieldlijewski.com"
"Warren","Speach","ENorwalkCrmcTile&MrblCo","361ParkAve","ScotchPlains","Union",,"07076","908-322-3846","908-322-6744","warren@speach.com","http://www.warrenspeach.com"
"Madonna","Cosby","EmanuelReiderArchitectsInc","135MainSt","SanFrancisco","SanFrancisco",,"94105","415-956-4437","415-956-5134","madonna@cosby.com","http://www.madonnacosby.com"
"Valeria","Lingbeek","RecreationDirector","State","Newtown","Bucks",,"18940","215-968-8421","215-968-1567","valeria@lingbeek.com","http://www.valerialingbeek.com"
"Heath","Vanalphen","CaliforniaStatMin&MnrlMus","227CommercialSt","Provincetown","Barnstable",,"02657","508-487-6010","508-487-0597","heath@vanalphen.com","http://www.heathvanalphen.com"
"Marisa","Woldridge","Wegner,TimEsq","153BaltimoreSt","Cumberland",,"MD","21502","301-759-7421","301-759-9676","marisa@woldridge.com","http://www.marisawoldridge.com"
"Rene","Dummermuth","Super8Motel","2RidgedaleAve","CedarKnolls","Morris",,"07927","973-292-7918","973-292-5898","rene@dummermuth.com","http://www.renedummermuth.com"
"Helga","Windle","Loew,AndreaHEsq","99185MoanaluaRd#-101","Aiea",,"HI","96701","808-487-7779","808-487-6258","helga@windle.com","http://www.helgawindle.com"
"Margot","Arenburg","Mcivor,CarolynMd","736NMillsAve","Orlando",,"FL","32803","407-896-1593","407-896-6679","margot@arenburg.com","http://www.margotarenburg.com"
"Sheila","Holloran","WarehouseOnWheels","126SMainSt","Clyde","Sandusky",,"43410","419-547-9428","419-547-4835","sheila@holloran.com","http://www.sheilaholloran.com"
"Melinda","Carleton","CenolCo","395ReviloAve","Shirley","Suffolk",,"11967","631-399-1636","631-399-6025","melinda@carleton.com","http://www.melindacarleton.com"
"Ike","Zeolla","Halpin,IreneAEsq","1900LStNw","Washington",,"DC","20036","202-331-1409","202-331-7781","ike@zeolla.com","http://www.ikezeolla.com"
"Elmo","Dagenais","PCRoutingInc","12914OldStageRd","Chester","Chesterfield",,"23831","804-796-5647","804-796-9493","elmo@dagenais.com","http://www.elmodagenais.com"
"Valentine","Granberry","SunnyvaleTravel","1019ShadickDr","OrangeCity","Volusia",,"32763","407-775-4269","407-775-0598","valentine@granberry.com","http://www.valentinegranberry.com"
"Waldo","Sisk","MullerDrugsInc","2211UsHighway19","Holiday","Pasco",,"34691","727-934-3827","727-934-7181","waldo@sisk.com","http://www.waldosisk.com"
"Robt","Braithwaite","Meyer,JanetMd","320WMclaneSt","Osceola",,"IA","50213","641-342-1276","641-342-6031","robt@braithwaite.com","http://www.robtbraithwaite.com"
"Corinne","Cowan","WardEquipmentCo","20MontanaAve","Laurel","Yellowstone",,"59044","406-628-4030","406-628-9418","corinne@cowan.com","http://www.corinnecowan.com"
"Rebeca","Brumet","KingstonOfficeSuppliesInc","936NWesternAve","Chicago","Cook",,"60622","773-772-4015","773-772-1603","rebeca@brumet.com","http://www.rebecabrumet.com"
"Lynn","Saulsberry","PrintingFactoryInc","2725WMcdowellRd","Phoenix","Maricopa",,"85009","602-272-8326","602-272-3143","lynn@saulsberry.com","http://www.lynnsaulsberry.com"
"Hannah","Facio","CmptrProsForScl","115EChurchSt","Elberton","Elbert",,"30635","706-283-8280","706-283-6916","hannah@facio.com","http://www.hannahfacio.com"
"Benjamin","Schkade","PortBrownsvillePubScaleInc","1636E1stAve","Anchorage","Anchorage",,"99501","907-278-8687","907-278-7166","benjamin@schkade.com","http://www.benjaminschkade.com"
"Athena","Fontanilla","WillametteHobbies","5020GermantownAve","Philadelphia","Philadelphia",,"19144","215-438-9675","215-438-1716","athena@fontanilla.com","http://www.athenafontanilla.com"
"Alene","Rabeck","BucksCountyOf","475E162ndSt","SouthHolland","Cook",,"60473","708-333-8056","708-333-2125","alene@rabeck.com","http://www.alenerabeck.com"
"Yvette","Kokoska","AutomationProductsInc","200ValleyDr","Brisbane","SanMateo",,"94005","650-468-3592","650-468-7716","yvette@kokoska.com","http://www.yvettekokoska.com"
"Petra","Clemmens","BeltonIndustriesInc","980NFederalHwy","BocaRaton","PalmBeach",,"33432","561-394-2152","561-394-1574","petra@clemmens.com","http://www.petraclemmens.com"
"Carmel","Overfelt","WoodworkersSupplyInc","6801LakeWorthRd","LakeWorth","PalmBeach",,"33467","561-965-5167","561-965-1433","carmel@overfelt.com","http://www.carmeloverfelt.com"
"Danette","Fostervold","Flach,DouglasEsq","6920SantaTeresaBlvd","SanJose",,"CA","95119","408-225-1319","408-225-5205","danette@fostervold.com","http://www.danettefostervold.com"
"Vince","Ettel","BreenTrucking","408MainSt","Springfield","Sarpy",,"68059","402-399-6999","402-399-6478","vince@ettel.com","http://www.vinceettel.com"
"Davis","Heideman","DennisJWallAttyAtLawPa","801W5thSt","FortWorth","Tarrant",,"76102","817-332-7902","817-332-5439","davis@heideman.com","http://www.davisheideman.com"
"Bradly","Hasselvander","PublicWorksDepartmentOffice","2302ArtesiaBlvd","RedondoBeach","LosAngeles",,"90278","310-374-2374","310-374-2363","bradly@hasselvander.com","http://www.bradlyhasselvander.com"
"Nathanial","Phoenix","PrecisionSteelRuleDieCo","1000Nw105thSt","OklahomaCity","Oklahoma",,"73114","405-748-7637","405-748-1856","nathanial@phoenix.com","http://www.nathanialphoenix.com"
"Lamar","Mckibben","Battaglia,JackMEsq","1620FolsomSt","SanFrancisco",,"CA","94103","415-864-7338","415-864-7623","lamar@mckibben.com","http://www.lamarmckibben.com"
"Shanna","Numkena","AndersonIndependentMail","14265thPlNw","Rochester","Olmsted",,"55901","507-280-1856","507-280-6844","shanna@numkena.com","http://www.shannanumkena.com"
"Helena","Suermann","Stubenberge,JamesAEsq","897IndependenceAve","MountainView",,"CA","94043","650-965-0255","650-965-3368","helena@suermann.com","http://www.helenasuermann.com"
"Delphine","Helmich","FriendsHospital","50AviationWay","Watsonville","SantaCruz",,"95076","831-763-4348","831-763-0923","delphine@helmich.com","http://www.delphinehelmich.com"
"Barbara","Hindley","KirinAmgen","904NLakeSt","Burbank","LosAngeles",,"91502","818-841-8886","818-841-8221","barbara@hindley.com","http://www.barbarahindley.com"
"Sheryl","Sisofo","ThriftySignStop","1049SMccordRd","Holland","Lucas",,"43528","419-865-8702","419-865-1836","sheryl@sisofo.com","http://www.sherylsisofo.com"
"Robyn","Christophel","Woodward,JohnCEsq","3420EFlamingoRd","LasVegas",,"NV","89121","702-458-1072","702-458-2093","robyn@christophel.com","http://www.robynchristophel.com"
"Gayla","Geimer","OrtmanMccainCo","1280PriceAve","Pomona","LosAngeles",,"91767","909-620-6453","909-620-2768","gayla@geimer.com","http://www.gaylageimer.com"
"Evan","Pyfrom","NevadaBakingCo","5430AlphaRd","Dallas","Dallas",,"75240","214-661-4625","214-661-8804","evan@pyfrom.com","http://www.evanpyfrom.com"
"Chad","Miklas","RedCarpetInn","31SGroveSt","EastAurora","Erie",,"14052","716-655-2736","716-655-2749","chad@miklas.com","http://www.chadmiklas.com"
"Trey","Tout","Breen,SeanEEsq","100MbcDr","Shawano",,"WI","54166","715-526-6806","715-526-2421","trey@tout.com","http://www.treytout.com"
"Isabell","Armout","TrueElectricCorp","7895SCessnaAve","Gaithersburg","Montgomery",,"20879","301-921-0406","301-921-1251","isabell@armout.com","http://www.isabellarmout.com"
"Alejandro","Mascall","RailwayEducationalBureau","2350DukeSt","Alexandria","AlexandriaCity",,"22314","703-684-2882","703-684-8561","alejandro@mascall.com","http://www.alejandromascall.com"
"Kennith","Kirklin","SearsRoebuckAndCo","230321stAveS","Nashville","Davidson",,"37212","615-385-1598","615-385-6946","kennith@kirklin.com","http://www.kennithkirklin.com"
"Ike","Benthin","Lee,HarryEsq","1062FolsomSt","SanFrancisco",,"CA","94103","415-255-5277","415-255-6543","ike@benthin.com","http://www.ikebenthin.com"
"Donald","Sherretts","NylongeCorporation","1062FolsomSt","SanFrancisco","SanFrancisco",,"94103","415-255-7718","415-255-7088","donald@sherretts.com","http://www.donaldsherretts.com"
"Lina","Hybarger","L&HCentralOffice","1828JeffersonPlNw","Washington","DistrictofColumbia",,"20036","202-833-4983","202-833-3174","lina@hybarger.com","http://www.linahybarger.com"
"Rebekah","Padley","ReedEngineeringInc","200EDelawrPl","Chicago","Cook",,"60611","312-944-1877","312-944-1477","rebekah@padley.com","http://www.rebekahpadley.com"
"Marion","Gaulden","Madden,JohnHJr","200WSouthSt","Charlottesville",,"VA","22902","434-979-9335","434-979-2694","marion@gaulden.com","http://www.mariongaulden.com"
"Maurine","Monroy","CentralDistributionSystem","2000LinwoodAve","FortLee","Bergen",,"07024","201-947-8922","201-947-4235","maurine@monroy.com","http://www.maurinemonroy.com"
"Rosanna","Sandrock","ComputerXConsulting","1797LakewoodTerSe","Atlanta","Fulton",,"30315","404-627-4604","404-627-4276","rosanna@sandrock.com","http://www.rosannasandrock.com"
"Marcelino","Maggs","Rascher&BetzoldInc","201EPineSt","Orlando","Orange",,"32801","407-420-1152","407-420-7195","marcelino@maggs.com","http://www.marcelinomaggs.com"
"Florine","Willardson","Lunt,DonaldCEsq","5605Ne105thAve","Portland",,"OR","97220","503-256-6559","503-256-8982","florine@willardson.com","http://www.florinewillardson.com"
"Jude","Haza","HowardFabrication","1348LibertyPike","Franklin","Williamson",,"37067","615-790-3984","615-790-3042","jude@haza.com","http://www.judehaza.com"
"Eldon","Sutch","FriesenAndKanePublicAccts","1818EAtlanticSt","Philadelphia","Philadelphia",,"19134","215-743-2414","215-743-2529","eldon@sutch.com","http://www.eldonsutch.com"
"Lashonda","Enote","NicholsVillageTheInn","6301OwensmouthAve","WoodlandHills","LosAngeles",,"91367","818-704-8490","818-704-7539","lashonda@enote.com","http://www.lashondaenote.com"
"Marla","Folz","OdonoghueCKevin","201ElectronicsBlvdSw","Huntsville","Madison",,"35824","256-464-3329","256-464-6964","marla@folz.com","http://www.marlafolz.com"
"Reginald","Lunan","HealeyChevyOldsBuickGeo","985ParkerCt","SantaClara","SantaClara",,"95050","408-727-1747","408-727-0884","reginald@lunan.com","http://www.reginaldlunan.com"
"Kyle","Lindauer","GemTecInc","2000EJeffersonSt","Phoenix","Maricopa",,"85034","602-258-5196","602-258-8609","kyle@lindauer.com","http://www.kylelindauer.com"
"Son","Marschke","EveningsDlghtFireplaces","1119WheelerAve","Scranton","Lackawanna",,"18510","570-969-0886","570-969-8176","son@marschke.com","http://www.sonmarschke.com"
"Johnie","Minaai","Darling,PamelaE","2100LinwoodAve","FortLee",,"NJ","07024","201-592-4771","201-592-8423","johnie@minaai.com","http://www.johnieminaai.com"
"Kelli","Varrato","FrancesMeyerInc","2505CongressSt","SanDiego","SanDiego",,"92110","858-298-3969","858-298-6695","kelli@varrato.com","http://www.kellivarrato.com"
"Neva","Marsell","ComfortInnWilshire","1312WLincolnAve","Olivia","Renville",,"56277","320-523-4975","320-523-8378","neva@marsell.com","http://www.nevamarsell.com"
"Brice","Hedglin","Cupkovic,WalterDEsq","2809GrannyWhitePike","Nashville",,"TN","37204","615-292-9016","615-292-9027","brice@hedglin.com","http://www.bricehedglin.com"
"Terrance","Nimmer","CDShortFoodsInc","1400NWoodwardAve","BloomfieldHills","Oakland",,"48304","248-647-0653","248-647-1999","terrance@nimmer.com","http://www.terrancenimmer.com"
"Carol","Krisman","UniglobeTranseasTravel","100E85thSt","NewYork","NewYork",,"10028","212-472-7877","212-472-9579","carol@krisman.com","http://www.carolkrisman.com"
"Dollie","Pillitteri","JiffyMoving&StorageCompany","4024MerchantRd","FortWayne","Allen",,"46818","260-489-3094","260-489-4697","dollie@pillitteri.com","http://www.dolliepillitteri.com"
"Mellissa","Sule","Dowse,GeoffreyEsq","92Argonaut#-270","AlisoViejo",,"CA","92656","949-768-6176","949-768-8107","mellissa@sule.com","http://www.mellissasule.com"
"Antony","Thierauf","Gutzwiller,RobertHEsq","4915IndustrialWay","CoeurdAlene",,"ID","83814","208-667-5252","208-667-5935","antony@thierauf.com","http://www.antonythierauf.com"
"Reina","Reisenauer","TerranceFox","207NMainSt","Hutchins","Dallas",,"75141","972-225-9930","972-225-9569","reina@reisenauer.com","http://www.reinareisenauer.com"
"Zane","Sulikowski","MeijerAssociatesCreditUnion","23753rdSt","Riverside","Riverside",,"92507","951-683-4479","951-683-9932","zane@sulikowski.com","http://www.zanesulikowski.com"
"Hilario","Cassa","IndependenceAssocaitesInc","2222SantaMonicaBlvd","SantaMonica","LosAngeles",,"90404","310-828-6710","310-828-1895","hilario@cassa.com","http://www.hilariocassa.com"
"Veronica","Radman","Martin,AnthonyDEsq","235WMainSt","Charlottesville",,"VA","22902","434-979-3306","434-979-9777","veronica@radman.com","http://www.veronicaradman.com"
"Teri","Erlewine","LeagueOfKansMunicipalities","37034thStSt","SaintPetersburg","Pinellas",,"33711","727-327-3850","727-327-8494","teri@erlewine.com","http://www.terierlewine.com"
"Alissa","Mountjoy","Technical&MgmtSvcCorp","6585CommerceBlvd","RohnertPark","Sonoma",,"94928","707-585-9715","707-585-7011","alissa@mountjoy.com","http://www.alissamountjoy.com"
"Helene","Iberg","SpecCheckInc","24800RocksideRd","Bedford","Cuyahoga",,"44146","440-786-6052","440-786-9246","helene@iberg.com","http://www.heleneiberg.com"
"Lona","Scronce","L&LBuilders","Rte6&209","Matamoras","Pike",,"18336","570-296-4820","570-296-2054","lona@scronce.com","http://www.lonascronce.com"
"Jeremy","Lampi","EHendersonInc","150SawkillAve","Milford","Pike",,"18337","570-296-7797","570-296-4647","jeremy@lampi.com","http://www.jeremylampi.com"
"Mitch","Schattner","CosgroveEisenberg&KileyPc","3001GearyBlvd","SanFrancisco","SanFrancisco",,"94118","415-668-8105","415-668-5841","mitch@schattner.com","http://www.mitchschattner.com"
"Hans","Carlan","Midlen&GuillotChartered","509W4thAve","Anchorage","Anchorage",,"99501","907-276-2956","907-276-6002","hans@carlan.com","http://www.hanscarlan.com"
"Concetta","Sarchett","Barco/chromaticsInc","2405GrandBlvd","KansasCity","Jackson",,"64108","816-274-3833","816-274-6897","concetta@sarchett.com","http://www.concettasarchett.com"
"Isaac","Zackery","HolidayInnOfIssaquah","321PalmerRd","Denville","Morris",,"07834","973-328-5943","973-328-1903","isaac@zackery.com","http://www.isaaczackery.com"
"Doug","Matrisciano","Cefpi","12500Ne10thPl","Bellevue","King",,"98005","425-451-5906","425-451-1273","doug@matrisciano.com","http://www.dougmatrisciano.com"
"Devon","Samrah","SoftwarePursuitsInc","1219PineAve","Orlando","Orange",,"32824","407-240-2401","407-240-8312","devon@samrah.com","http://www.devonsamrah.com"
"Amos","Linnan","Quincy,Jim","3960W26thSt","Chicago",,"IL","60623","773-277-8332","773-277-4756","amos@linnan.com","http://www.amoslinnan.com"
"Manuel","Dienhart","BohningCoLtd","40EMcmickenAve","Cincinnati","Hamilton",,"45210","513-357-4669","513-357-7989","manuel@dienhart.com","http://www.manueldienhart.com"
"Audra","Cantu","ChesapeakeTelephoneSystems","935S2ndSt","Plainfield","Union",,"07063","908-756-1816","908-756-5441","audra@cantu.com","http://www.audracantu.com"
"Keisha","Ransonet","HskDecker","1049LakloeyDr","NorthPole","FairbanksNorthStar",,"99705","907-488-6897","907-488-2093","keisha@ransonet.com","http://www.keisharansonet.com"
"Rolando","Baumann","ErieBrushCo","921SwWashingtonSt#-321","Portland","Multnomah",,"97205","503-241-6723","503-241-7691","rolando@baumann.com","http://www.rolandobaumann.com"
"Maryanne","Whyman","Walls,RobertEEsq","1008SSanPedroSt","LosAngeles",,"CA","90015","213-748-1137","213-748-0447","maryanne@whyman.com","http://www.maryannewhyman.com"
"Kurtis","Asberry","BudgetelInns","Box#-37223","ElPaso","ElPaso",,"79937","915-591-1621","915-591-3614","kurtis@asberry.com","http://www.kurtisasberry.com"
"Ed","Gompf","CorroThermInc","3BFloorCare&HskpgSvc","Catawissa","Columbia",,"17820","570-799-2838","570-799-4583","ed@gompf.com","http://www.edgompf.com"
"Norman","Betance","PrecisionElectricCoInc","7949EAcomaDr","Scottsdale","Maricopa",,"85260","480-991-7884","480-991-6547","norman@betance.com","http://www.normanbetance.com"
"Berta","Karczewski","SatherEngInc","1035NMcqueenRd#-133","Gilbert","Maricopa",,"85233","480-926-0770","480-926-7533","berta@karczewski.com","http://www.bertakarczewski.com"
"Mac","Marksberry","Pursell,DavidBEsq","112WPlum","Doniphan",,"NE","68832","402-845-4275","402-845-8229","mac@marksberry.com","http://www.macmarksberry.com"
"Sandra","Graen","ActionRemediationCo","106ErieSt","Hutchinson","McLeod",,"55350","320-587-3844","320-587-7201","sandra@graen.com","http://www.sandragraen.com"
"Lee","Javens","Dyer,JamesREsq","6086NLyonsRd","Burlington",,"WI","53105","262-763-9582","262-763-3845","lee@javens.com","http://www.leejavens.com"
"Fran","Zanders","RiverCityBodyCo","6312SYellowstoneHwy","IdahoFalls","Bonneville",,"83402","208-525-6418","208-525-5501","fran@zanders.com","http://www.franzanders.com"
"Lane","Brantz","KingsInn","106ErieSt","Hutchinson","McLeod",,"55350","320-587-2903","320-587-3448","lane@brantz.com","http://www.lanebrantz.com"
"Bess","Marso","LesherPrintersInc","15542ChemicalLn","HuntingtonBeach","Orange",,"92649","714-895-4582","714-895-8188","bess@marso.com","http://www.bessmarso.com"
"Tamara","Declue","GlenBurnieTheBankOf","1900WLoopS#-600","Houston","Harris",,"77027","713-871-3958","713-871-6355","tamara@declue.com","http://www.tamaradeclue.com"
"Denise","Speegle","ShipleyOilCompany","2078FosterAve","Wheeling","Cook",,"60090","847-870-8743","847-870-6026","denise@speegle.com","http://www.denisespeegle.com"
"Lynda","Youtsey","AccurateColorInc","1370SBertelsenRd","Eugene","Lane",,"97402","541-342-0606","541-342-0655","lynda@youtsey.com","http://www.lyndayoutsey.com"
"Diann","Burigsay","Snyder,StephenEEsq","13026SNormandieAve","Gardena",,"CA","90249","310-321-8278","310-321-0564","diann@burigsay.com","http://www.diannburigsay.com"
"Mari","Hwang","PlayCraftPontoonCo","23352ElToroRd","LakeForest","Orange",,"92630","949-583-6901","949-583-7758","mari@hwang.com","http://www.marihwang.com"
"Shanna","Neundorfer","DoorSystems","833EAlleghenyAve","Philadelphia","Philadelphia",,"19134","215-426-9722","215-426-8416","shanna@neundorfer.com","http://www.shannaneundorfer.com"
"Sherwood","Detillier","MinteqInternational","Box#-851","WoodlandHills","LosAngeles",,"91365","818-703-9160","818-703-0447","sherwood@detillier.com","http://www.sherwooddetillier.com"
"Walton","Schwallie","Nielsen,LauraWMd","154MainSt","Upton",,"MA","01568","508-529-8783","508-529-8368","walton@schwallie.com","http://www.waltonschwallie.com"
"Judy","Gartenmayer","ProInfusionPharmInc","3260WNewHavenAve","Melbourne","Brevard",,"32904","321-676-3091","321-676-3378","judy@gartenmayer.com","http://www.judygartenmayer.com"
"Antione","Mccleary","CerberusPyrotronics","111025thAveN","Fargo","Cass",,"58102","701-293-8410","701-293-7439","antione@mccleary.com","http://www.antionemccleary.com"
"Kay","Ganguli","Hanson,BruceEsq","3763ScrippsDr","LasVegas",,"NV","89103","702-876-3089","702-876-9367","kay@ganguli.com","http://www.kayganguli.com"
"Oma","Duffy","LaunLawOffices","255IndustrialDr","Franklin","Warren",,"45005","937-746-7537","937-746-4129","oma@duffy.com","http://www.omaduffy.com"
"Devon","Teston","Bilton,DeanHEsq","1900WLoopS","Houston",,"TX","77027","713-871-9773","713-871-0838","devon@teston.com","http://www.devonteston.com"
"Jade","Erlebach","VickeryTape&LabelCoInc","975FlynnRd","Camarillo","Ventura",,"93012","805-445-8331","805-445-9961","jade@erlebach.com","http://www.jadeerlebach.com"
"Roseann","Jerko","LarryFarmerAppraisalCoInc","850GlenAve","Moorestown","Burlington",,"08057","856-866-4945","856-866-1542","roseann@jerko.com","http://www.roseannjerko.com"
"Ruthie","Zortman","ReviewMontereyPeninsula","4508EnterpriseSt","Fremont","Alameda",,"94538","510-651-1410","510-651-1242","ruthie@zortman.com","http://www.ruthiezortman.com"
"Leif","Arguin","CmpltCmptgSolutionsNe","4508EnterpriseSt","Fremont","Alameda",,"94538","510-651-4937","510-651-8302","leif@arguin.com","http://www.leifarguin.com"
"Millicent","Ekstrom","PersonalCreationsInc","151BrownSt#-b","Lawrenceburg","Dearborn",,"47025","812-537-7287","812-537-5442","millicent@ekstrom.com","http://www.millicentekstrom.com"
"Val","Oborne","StoneContainerCorporation","7846ClybournAve","SunValley","LosAngeles",,"91352","818-767-1347","818-767-5123","val@oborne.com","http://www.valoborne.com"
"Bridgett","Retort","WomensResource&RefrlNtwrk","6747SignatDr","Houston","Harris",,"77041","713-466-7259","713-466-3278","bridgett@retort.com","http://www.bridgettretort.com"
"Tia","Lino","SuperiorGundrilling","35375Highway228","Brownsville","Linn",,"97327","541-466-2483","541-466-1661","tia@lino.com","http://www.tialino.com"
"Jarrett","Kenzie","YoungMenChristianAssnCnty","11551RiverparkWay","Chesterfield","Chesterfield",,"23838","804-739-3007","804-739-7905","jarrett@kenzie.com","http://www.jarrettkenzie.com"
"Mara","Vanderzwaag","Brown&BrownLawOffice","2550ELucasDr","Beaumont","Jefferson",,"77703","409-892-1231","409-892-8492","mara@vanderzwaag.com","http://www.maravanderzwaag.com"
"Tiffany","Knust","VantageProducts","1425KollCir#-107","SanJose","SantaClara",,"95112","408-453-0357","408-453-1525","tiffany@knust.com","http://www.tiffanyknust.com"
"Fabian","Mcshaw","Bodik,MichaelGEsq","6023GarfieldAve","LosAngeles",,"CA","90040","323-726-5319","323-726-8499","fabian@mcshaw.com","http://www.fabianmcshaw.com"
"Annabelle","Coger","CenterForResourceManagement","1200ShreveportBarksdaleHwy","Shreveport","Caddo",,"71105","318-865-8418","318-865-7381","annabelle@coger.com","http://www.annabellecoger.com"
"Marisa","Smiler","StarSystemsInc","200BroadhollowRd","Melville","Suffolk",,"11747","631-673-3339","631-673-1556","marisa@smiler.com","http://www.marisasmiler.com"
"Samantha","Bordwell","InterwestFreightSystemInc","23405Sw152ndCt","Homestead","Miami-Dade",,"33032","305-247-8402","305-247-4599","samantha@bordwell.com","http://www.samanthabordwell.com"
"Felecia","Riedl","Benson,JohnS","333AndrewAve","SaltLakeCity",,"UT","84115","801-486-6484","801-486-6755","felecia@riedl.com","http://www.feleciariedl.com"
"Kris","Persson","Tweel,RonaldREsq","1765SwHighway97","Madras",,"OR","97741","541-475-8404","541-475-0021","kris@persson.com","http://www.krispersson.com"
"Kylie","Bridgeman","Thomas&LibowitzPa","118LenznerCt","Sewickley","Allegheny",,"15143","412-741-4604","412-741-4236","kylie@bridgeman.com","http://www.kyliebridgeman.com"
"Eduardo","Bellendir","Powers&Assocs","1800PineRunRd","WilkesBarre","Luzerne",,"18702","570-822-0721","570-822-6267","eduardo@bellendir.com","http://www.eduardobellendir.com"
"Waldo","Edberg","BushBuildingCorporation","2017WJacksonSt","Tupelo","Lee",,"38801","662-842-4133","662-842-8645","waldo@edberg.com","http://www.waldoedberg.com"
"Brent","Vaidya","CrainIndustries","45ChurchSt","Stamford","Fairfield",,"06906","203-359-2824","203-359-6466","brent@vaidya.com","http://www.brentvaidya.com"
"Bette","Barcelona","Fischer,WilliamREsq","432LigniteAve","Fairbanks",,"AK","99701","907-456-6738","907-456-4144","bette@barcelona.com","http://www.bettebarcelona.com"
"Rich","Gleave","Finkelstein,BernardACpa","827E10thAve","Anchorage",,"AK","99501","907-277-9294","907-277-2227","rich@gleave.com","http://www.richgleave.com"
"Lyman","Whittley","Berry,RobertAEsq","3030Bridgeway","Sausalito",,"CA","94965","415-332-9570","415-332-7303","lyman@whittley.com","http://www.lymanwhittley.com"
"Maryann","Garnette","CatholicUniversityOf","582CentervilleRd","Lancaster","Lancaster",,"17601","717-560-6671","717-560-5625","maryann@garnette.com","http://www.maryanngarnette.com"
"Jimmie","Zarzycki","JohnCAuth","215EPikesPeakAve","ColoradoSprings","ElPaso",,"80903","719-632-0667","719-632-5612","jimmie@zarzycki.com","http://www.jimmiezarzycki.com"
"Gisela","Kosicki","Lisher,JohnLEsq","22140VenturaBlvd#-4","WoodlandHills",,"CA","91364","818-713-6306","818-713-8346","gisela@kosicki.com","http://www.giselakosicki.com"
"Marlene","Hammeren","Chamot,PhilipSEsq","1000MonteSanoBlvdSe","Huntsville",,"AL","35801","256-533-8674","256-533-1176","marlene@hammeren.com","http://www.marlenehammeren.com"
"Kris","Stanzak","CenrefLabs","3100DodgeSt","Dubuque","Dubuque",,"52003","563-557-2588","563-557-6308","kris@stanzak.com","http://www.krisstanzak.com"
"Roman","Simone","Spottswood,WilliamBEsq","610WMainSt","Batavia",,"OH","45103","513-732-3089","513-732-2547","roman@simone.com","http://www.romansimone.com"
"Cathryn","Nicolaus","PerkinsPhoto/graphicsInc","2575StateHighway32","Chico","Butte",,"95973","530-345-4627","530-345-8372","cathryn@nicolaus.com","http://www.cathrynnicolaus.com"
"Lana","Keels","Veron,JMichaelEsq","711ParkAve","Freehold",,"NJ","07728","732-462-1106","732-462-3575","lana@keels.com","http://www.lanakeels.com"
"Malissa","Ziesemer","ElectronRentalsInc","330SOceanBlvd","PalmBeach","PalmBeach",,"33480","561-655-6443","561-655-9129","malissa@ziesemer.com","http://www.malissaziesemer.com"
"Pamala","Brodtmann","Gagen,WilliamEJr","342SeasideAve","Honolulu",,"HI","96815","808-926-0776","808-926-6173","pamala@brodtmann.com","http://www.pamalabrodtmann.com"
"Heriberto","Tivis","Newood","1135KildaireFarmRd","Cary","Wake",,"27511","919-460-8104","919-460-4304","heriberto@tivis.com","http://www.heribertotivis.com"
"Edgardo","Prudente","RAHamiltonCorp","1110NHighway360","GrandPrairie","Dallas",,"75050","972-660-3960","972-660-0934","edgardo@prudente.com","http://www.edgardoprudente.com"
"Fred","Kunde","Swanson,VictoriaCEsq","5321SterlingCenterDr","WestlakeVillage",,"CA","91361","805-991-9740","805-991-4665","fred@kunde.com","http://www.fredkunde.com"
"Pilar","Suddeth","SlantFinCorp","3700CampusDr","NewportBeach","Orange",,"92660","949-852-5463","949-852-9027","pilar@suddeth.com","http://www.pilarsuddeth.com"
"Eliseo","Wice","ALimousineService","711W38thSt","Austin","Travis",,"78705","512-458-0034","512-458-7226","eliseo@wice.com","http://www.eliseowice.com"
"Bridget","Knightly","TeamstersUnionLocal20","66FlintSt","Asheville","Buncombe",,"28801","828-251-0817","828-251-4242","bridget@knightly.com","http://www.bridgetknightly.com"
"Tori","Villaescusa","ChurchPointWholGrCoInc","1006SSanPedroSt","LosAngeles","LosAngeles",,"90015","213-748-7617","213-748-5668","tori@villaescusa.com","http://www.torivillaescusa.com"
"Claire","Moyerman","GrtNthrnShoeRpr&DryClnrs","2280SXanaduWay#-300","Aurora","Arapahoe",,"80014","303-337-5701","303-337-5796","claire@moyerman.com","http://www.clairemoyerman.com"
"Judi","Kivel","PostalPlaceAt111thSquare","125NEmporiaSt","Wichita","Sedgwick",,"67202","316-267-2178","316-267-5183","judi@kivel.com","http://www.judikivel.com"
"Terrell","Rodda","WoodlandVillageNursingHome","200CottontailLn","Somerset","Somerset",,"08873","732-563-5361","732-563-1293","terrell@rodda.com","http://www.terrellrodda.com"
"Jasmin","Gum","White,SamuelIEsq","43ParmenterRd","Hudson",,"MA","01749","978-562-2524","978-562-5062","jasmin@gum.com","http://www.jasmingum.com"
"Bridget","Bottella","MidStateConstructionProd","112EPecanSt","SanAntonio","Bexar",,"78205","210-224-9708","210-224-4881","bridget@bottella.com","http://www.bridgetbottella.com"
"Tami","Trybus","Seawright,Rodney","3963VirginiaAve","Cincinnati",,"OH","45227","513-561-1096","513-561-7531","tami@trybus.com","http://www.tamitrybus.com"
"Maynard","Kaewprasert","DecaturStudioInc","1224SHopeSt","LosAngeles","LosAngeles",,"90015","213-747-6026","213-747-3088","maynard@kaewprasert.com","http://www.maynardkaewprasert.com"
"Viola","Mcsorley","FirstBankOfBrunswick","6850SHarlemAve","SummitArgo","Cook",,"60501","708-496-7428","708-496-8587","viola@mcsorley.com","http://www.violamcsorley.com"
"Reggie","Streu","AlsMotorsInc","15HendersonDr","Caldwell","Essex",,"07006","973-575-5898","973-575-9328","reggie@streu.com","http://www.reggiestreu.com"
"Rena","Griffeth","ReliableOptical","19901NordhoffSt","Northridge","LosAngeles",,"91324","818-709-9165","818-709-2649","rena@griffeth.com","http://www.renagriffeth.com"
"Pierre","Salera","RidleyRidley&Burnette","1601SShamrockAve","Monrovia","LosAngeles",,"91016","626-303-9233","626-303-2569","pierre@salera.com","http://www.pierresalera.com"
"Carolina","Kinlaw","Loftus,DanielBEsq","3mCounty","BelleMead",,"NJ","08502","908-874-0864","908-874-4873","carolina@kinlaw.com","http://www.carolinakinlaw.com"
"Alejandra","Prenatt","MitchellDeBurringCo","6850SHarlemAve","SummitArgo","Cook",,"60501","708-496-6958","708-496-4617","alejandra@prenatt.com","http://www.alejandraprenatt.com"
"Quintin","Isacson","SpectrumConstrctn&DevCorp","1015NCahuengaBlvd","LosAngeles","LosAngeles",,"90038","323-469-0643","323-469-3082","quintin@isacson.com","http://www.quintinisacson.com"
"Robin","Grotz","Hackett,PeterJ","2601SummerhillRd","Texarkana",,"TX","75503","903-792-2081","903-792-5309","robin@grotz.com","http://www.robingrotz.com"
"Lacy","Woodfin","EnviroDynamics","130WyomingAve","Scranton","Lackawanna",,"18503","570-348-3754","570-348-4204","lacy@woodfin.com","http://www.lacywoodfin.com"
"Daniel","Zill","SafetyTeamInc","550NBrandBlvd#-1940","Glendale","LosAngeles",,"91203","818-507-7207","818-507-1925","daniel@zill.com","http://www.danielzill.com"
"Reina","Wolchesky","HighlandManagementGroup","305WWashingtonSt","Brainerd","CrowWing",,"56401","218-828-7281","218-828-3231","reina@wolchesky.com","http://www.reinawolchesky.com"
"Marc","Wanger","WelshCompany","33HarrisonAve","Boston","Suffolk",,"02111","617-426-6393","617-426-1114","marc@wanger.com","http://www.marcwanger.com"
"Damion","Matkin","DataWareDevelopmentInc","5830DowningSt#-d","Denver","Denver",,"80216","303-295-4797","303-295-3867","damion@matkin.com","http://www.damionmatkin.com"
"Lucius","Winchester","BarrettPavingMaterialsInc","670SBarringtonRd","Streamwood","Cook",,"60107","630-289-9458","630-289-9033","lucius@winchester.com","http://www.luciuswinchester.com"
"Petra","Mcnichol","HyacinthFoundationAidsProj","670SBarringtonRd","Streamwood","Cook",,"60107","630-289-8190","630-289-8985","petra@mcnichol.com","http://www.petramcnichol.com"
"Katina","Ramano","Fuhrmann,ChrisCEsq","580FountainAve","Brooklyn",,"NY","11208","718-272-2553","718-272-8498","katina@ramano.com","http://www.katinaramano.com"
"Leslie","Cackowski","Re,MatthewREsq","2103WMainSt","Farmington",,"NM","87401","505-325-3933","505-325-9042","leslie@cackowski.com","http://www.lesliecackowski.com"
"Cristopher","Wiget","Roche,PatrickEsq","4354Highway64","Kirtland",,"NM","87417","505-598-9742","505-598-3063","cristopher@wiget.com","http://www.cristopherwiget.com"
"Garth","Skiffington","Fox&Killbride","22MillSt","Paterson","Passaic",,"07501","973-684-7654","973-684-6309","garth@skiffington.com","http://www.garthskiffington.com"
"Brendan","Qin","AllegroCopy&Print","305GriffinAveSw","Eastman","Dodge",,"31023","478-374-5686","478-374-6992","brendan@qin.com","http://www.brendanqin.com"
"Chase","Furler","Hostetler&Kowalik","3333Se21stSt","Topeka","Shawnee",,"66607","785-354-7091","785-354-3042","chase@furler.com","http://www.chasefurler.com"
"Marietta","Bjornberg","ConsolidatedMechanicalInc","1515WyomingSt","Missoula","Missoula",,"59801","406-728-0501","406-728-5507","marietta@bjornberg.com","http://www.mariettabjornberg.com"
"Carmella","Wishman","MeicherCpa","1515WyomingSt","Missoula","Missoula",,"59801","406-728-6772","406-728-7668","carmella@wishman.com","http://www.carmellawishman.com"
"Erica","Eyrich","C&IComputerServicesInc","1515WyomingSt","Missoula","Missoula",,"59801","406-728-7293","406-728-4789","erica@eyrich.com","http://www.ericaeyrich.com"
"Lucius","Bagnoli","AmericanMusicTeacher","404WBoonvilleNewHarmonyRd","Evansville","Vanderburgh",,"47711","812-867-2916","812-867-2593","lucius@bagnoli.com","http://www.luciusbagnoli.com"
"Bart","Hachey","PipPrinting","490SBroadSt","Canfield","Mahoning",,"44406","330-533-9769","330-533-6543","bart@hachey.com","http://www.barthachey.com"
"Isiah","Phernetton","WyckoffFlorist&Gifts","246GriffingAve","Riverhead","Suffolk",,"11901","631-727-0917","631-727-2147","isiah@phernetton.com","http://www.isiahphernetton.com"
"Morton","Crummell","BoykinManagementCo","5485ConestogaCt","Boulder","Boulder",,"80301","303-546-3698","303-546-1589","morton@crummell.com","http://www.mortoncrummell.com"
"Prince","Kauk","MckessonDrugCo","2320WLouiseDr","Phoenix","Maricopa",,"85027","623-581-7435","623-581-2472","prince@kauk.com","http://www.princekauk.com"
"Marta","Horner","Scisci,PasqualeM","4694AlvaradoCanyonRd#-f","SanDiego",,"CA","92120","858-265-2270","858-265-6604","marta@horner.com","http://www.martahorner.com"
"Teodoro","Gaboury","Bostek,EvaMDvm","4251GlenwoodAve","Youngstown",,"OH","44512","330-783-8123","330-783-9674","teodoro@gaboury.com","http://www.teodorogaboury.com"
"Jess","Assad","LivingstonCity","9100FSt","Omaha","Douglas",,"68127","402-331-0470","402-331-4974","jess@assad.com","http://www.jessassad.com"
"Freeman","Soula","Henson,Claudia","Hwy8eE","Mena",,"AR","71953","479-394-6308","479-394-7509","freeman@soula.com","http://www.freemansoula.com"
"Rita","Center","RDPlaymanCo","4013CameronSt#-b","Lafayette","Lafayette",,"70506","337-269-8825","337-269-7011","rita@center.com","http://www.ritacenter.com"
"Kira","Papen","TileCity&CarpetOfPa","8387UniversityAve","LaMesa","SanDiego",,"91941","619-464-3649","619-464-8499","kira@papen.com","http://www.kirapapen.com"
"Miquel","Demicco","WelkResortCenter","5921SMiddlefieldRd","Littleton","Jefferson",,"80123","303-730-8080","303-730-8087","miquel@demicco.com","http://www.miqueldemicco.com"
"William","Mahmud","CampbellInn","1003NorthernBlvd","Manhasset","Nassau",,"11030","516-365-3496","516-365-0493","william@mahmud.com","http://www.williammahmud.com"
"Lacy","Belmont","HouseBoatRentalsInc","585BedfordRd","BedfordHills","Westchester",,"10507","914-241-8888","914-241-2272","lacy@belmont.com","http://www.lacybelmont.com"
"Van","Leanen","MailBoxesEtc","BusRt54&Hh","LakeOzark","Camden",,"65049","573-365-0319","573-365-1055","van@leanen.com","http://www.vanleanen.com"
"Mayme","Staub","RiverHouseHotel","2470LamingtonRd","Bedminster","Somerset",,"07921","908-234-9338","908-234-9433","mayme@staub.com","http://www.maymestaub.com"
"Gregg","Guevarra","ArborCenter","221SKerrAve","Wilmington","NewHanover",,"28403","910-799-9811","910-799-1965","gregg@guevarra.com","http://www.greggguevarra.com"
"Minh","Leclare","Osach,RonaldCEsq","106S4thSt","ForestCity",,"IA","50436","641-582-0973","641-582-0424","minh@leclare.com","http://www.minhleclare.com"
"Joey","Sedore","GoodwillSpecialityCo","1647EPalmdaleBlvd","Palmdale","LosAngeles",,"93550","661-273-4188","661-273-6263","joey@sedore.com","http://www.joeysedore.com"
"Jeanie","Dalen","IvsMediaInc","2900FordRd","Bristol","Bucks",,"19007","215-788-5062","215-788-7666","jeanie@dalen.com","http://www.jeaniedalen.com"
"Eddie","Gauer","EasyMail","506KelloggAve","Ames","Story",,"50010","515-233-2381","515-233-6551","eddie@gauer.com","http://www.eddiegauer.com"
"Jessie","Barkle","DaysInnAirportByMallAmer","1002STreadawayBlvd","Abilene","Taylor",,"79602","325-677-1190","325-677-2343","jessie@barkle.com","http://www.jessiebarkle.com"
"Deandre","Resendiz","SavMart","4TrvlSvcCarlsonTrvlWays","TwinFalls","TwinFalls",,"83301","208-733-8306","208-733-3476","deandre@resendiz.com","http://www.deandreresendiz.com"
"Janet","Rathrock","Ryder,EdwardAEsq","2181HarlemRd","LovesPark",,"IL","61111","815-877-4376","815-877-9538","janet@rathrock.com","http://www.janetrathrock.com"
"Denice","Nordlinger","Bickel,DanielRCpa","7210GatewayBlvdE","ElPaso",,"TX","79915","915-593-2344","915-593-8069","denice@nordlinger.com","http://www.denicenordlinger.com"
"Danny","Dales","BarrettBinderyCo","3530EWashingtonSt","Phoenix","Maricopa",,"85034","602-225-9543","602-225-9028","danny@dales.com","http://www.dannydales.com"
"Robbie","Deshay","CornhuskerPress","1700TerminalSt","WestSacramento","Yolo",,"95691","916-372-5032","916-372-1333","robbie@deshay.com","http://www.robbiedeshay.com"
"Carla","Humble","ExpressPrintingCenter","11796SheldonSt","SunValley","LosAngeles",,"91352","818-768-0662","818-768-1832","carla@humble.com","http://www.carlahumble.com"
"Ashley","Leonesio","MartiniqueResortHotel","15ParkRow","NewYork","NewYork",,"10038","212-227-3681","212-227-4343","ashley@leonesio.com","http://www.ashleyleonesio.com"
"Josephine","Sotlar","ShippStorage","4001stStNw","Washington","DistrictofColumbia",,"20001","202-783-2772","202-783-8805","josephine@sotlar.com","http://www.josephinesotlar.com"
"Derek","Kreutzbender","RecycleMetalsCorp","411EWisconsinAve","Milwaukee","Milwaukee",,"53202","414-271-5253","414-271-6234","derek@kreutzbender.com","http://www.derekkreutzbender.com"
"Kira","Staffon","InternationalManagementAssoc","933WiliwiliSt","Honolulu","Honolulu",,"96826","808-949-0941","808-949-8257","kira@staffon.com","http://www.kirastaffon.com"
"Isaac","Davensizer","DillonMeasurementInstruments","444NahuaSt","Honolulu","Honolulu",,"96815","808-544-5794","808-544-6357","isaac@davensizer.com","http://www.isaacdavensizer.com"
"Reva","Bayer","Hirt,StanleyEsq","4011WallingfordAveN","Seattle",,"WA","98103","206-634-9998","206-634-2589","reva@bayer.com","http://www.revabayer.com"
"Melvin","Auteri","InterstateUnltdFedCrdtUn","463BeaconSt","Boston","Suffolk",,"02115","617-247-8022","617-247-6002","melvin@auteri.com","http://www.melvinauteri.com"
"Stephen","Seiters","UsMortgageCorp","814BlueMoundRd","FortWorth","Tarrant",,"76131","817-947-3102","817-947-6272","stephen@seiters.com","http://www.stephenseiters.com"
"Lucas","Santellana","Constantino,JamesPEsq","4820EMcdowellRd#-300","Phoenix",,"AZ","85008","602-225-3469","602-225-8897","lucas@santellana.com","http://www.lucassantellana.com"
"Traci","Toomey","PeaPress","Box#-1948","Jackson","Teton",,"83001","307-733-9708","307-733-6525","traci@toomey.com","http://www.tracitoomey.com"
"Vernice","Resendes","SorrentoCheeseCoInc","11796SheldonSt","SunValley","LosAngeles",,"91352","818-768-6234","818-768-7585","vernice@resendes.com","http://www.verniceresendes.com"
"Hillary","Holmes","DennisNBragerLawOfficesOf","7565GreenValleyRd","Placerville","ElDorado",,"95667","530-626-1934","530-626-6128","hillary@holmes.com","http://www.hillaryholmes.com"
"Robin","Schartz","FairmountCountryClub","10175JoerschkeDr","GrassValley","Nevada",,"95945","530-477-9983","530-477-7396","robin@schartz.com","http://www.robinschartz.com"
"Sabrina","Deppert","Americold","2701EThomasRd#-j","Phoenix","Maricopa",,"85016","602-954-4343","602-954-6266","sabrina@deppert.com","http://www.sabrinadeppert.com"
"Luciano","Truiolo","CurrierGalleryOfArt","435MiraVistaTer","Pasadena","LosAngeles",,"91105","626-792-6850","626-792-5166","luciano@truiolo.com","http://www.lucianotruiolo.com"
"Ezekiel","Mildon","AceProPestCntrlInc","10RogersSt","Cambridge","Middlesex",,"02142","617-494-5618","617-494-3365","ezekiel@mildon.com","http://www.ezekielmildon.com"
"Hanna","Cinkan","NorthbrookFlowers","1150Nw72ndAve#-333","Miami","Miami-Dade",,"33126","305-477-7869","305-477-7089","hanna@cinkan.com","http://www.hannacinkan.com"
"Kory","Wooldridge","PaperStockDealersInc","1525E53rdSt","Chicago","Cook",,"60615","312-753-6734","312-753-2693","kory@wooldridge.com","http://www.korywooldridge.com"
"Darrel","Ruffins","Brickman,ArthurCpa","28004thStN","SaintPetersburg",,"FL","33704","727-821-8502","727-821-5104","darrel@ruffins.com","http://www.darrelruffins.com"
"Miranda","Hammitt","Steindel,CarlRMd","964ESaintFrancisSt","Brownsville",,"TX","78520","956-541-5918","956-541-9021","miranda@hammitt.com","http://www.mirandahammitt.com"
"Sadie","Rowlett","PortCityTaxiInc","2659WebsterAve","Bronx","Bronx",,"10458","718-365-1753","718-365-5353","sadie@rowlett.com","http://www.sadierowlett.com"
"Deanna","Gerbi","CentervilleHistoricalSociety","264Broadway","JerseyCity","Hudson",,"07306","201-433-0391","201-433-3619","deanna@gerbi.com","http://www.deannagerbi.com"
"Alfonso","Griglen","PaulDFriedman","577TownshipRoad#-30s","Ada","Hardin",,"45810","419-634-3513","419-634-5733","alfonso@griglen.com","http://www.alfonsogriglen.com"
"Vernon","Engelman","AtlasMetalCuttingInc","321WatsonSt","Ripon","FondduLac",,"54971","920-748-1387","920-748-3703","vernon@engelman.com","http://www.vernonengelman.com"
"Johnnie","Rheaves","Roberts,JamesACpa","2910ELaCrestaAve","Anaheim",,"CA","92806","714-632-1291","714-632-7337","johnnie@rheaves.com","http://www.johnnierheaves.com"
"Ella","Pahnke","Davis,RandleSEsq","2640JunctionHwy","Kerrville",,"TX","78028","830-367-8513","830-367-9231","ella@pahnke.com","http://www.ellapahnke.com"
"Veronica","Achorn","GuySpradling","5201HanawaltDr","ElPaso","ElPaso",,"79903","915-772-3217","915-772-2346","veronica@achorn.com","http://www.veronicaachorn.com"
"Kasey","Nguyen","Pettine,PaulAIii","5603ArapahoeAve","Boulder",,"CO","80303","303-440-3916","303-440-2452","kasey@nguyen.com","http://www.kaseynguyen.com"
"Frankie","Morein","Oliver,JerroldBEsq","104NorthSt","Stamford",,"CT","06902","203-975-3712","203-975-4688","frankie@morein.com","http://www.frankiemorein.com"
"Elaine","Renzi","DelvelChemCo","221E59thSt","NewYork","NewYork",,"10022","212-826-7966","212-826-2043","elaine@renzi.com","http://www.elainerenzi.com"
"Timothy","Janski","SnyderChevroletOldsGeoCo","800EDimondBlvd","Anchorage","Anchorage",,"99515","907-344-4330","907-344-4086","timothy@janski.com","http://www.timothyjanski.com"
"Warren","Hacher","Josel,StephenCEsq","4600S1stSt","Abilene",,"TX","79605","325-691-7220","325-691-7394","warren@hacher.com","http://www.warrenhacher.com"
"Brant","Darnel","Cody,DanielSEsq","8250TylerBlvd","Mentor",,"OH","44060","440-974-8416","440-974-7476","brant@darnel.com","http://www.brantdarnel.com"
"Mara","Rineheart","BerryNaturipeGrowers","39W21stSt","Northampton","Northampton",,"18067","610-262-2444","610-262-6836","mara@rineheart.com","http://www.mararineheart.com"
"Karen","Flierl","CookVetterDoerhoff","501NI#-h35","Austin","Travis",,"78702","512-477-1826","512-477-1407","karen@flierl.com","http://www.karenflierl.com"
"Virgil","Chinni","DorfmanAbramsMusic&Co","248LibbySt","Honolulu","Honolulu",,"96819","808-841-9811","808-841-9646","virgil@chinni.com","http://www.virgilchinni.com"
"Jimmie","Kertzman","OregonPacificTradingCo","279PuuhaleRd","Honolulu","Honolulu",,"96819","808-841-2883","808-841-1772","jimmie@kertzman.com","http://www.jimmiekertzman.com"
"Leif","Bachta","Hislop,LornaBrumfieldEsq","91246OihanaSt","Kapolei",,"HI","96707","808-682-8942","808-682-2789","leif@bachta.com","http://www.leifbachta.com"
"Ione","Kucera","TweedyPenney&Crawford","94210PupukahiSt#-201a","Waipahu","Honolulu",,"96797","808-671-5253","808-671-3048","ione@kucera.com","http://www.ionekucera.com"
"Doreen","Sakurai","Airlifter","211E50thSt","NewYork","NewYork",,"10022","212-759-4757","212-759-7548","doreen@sakurai.com","http://www.doreensakurai.com"
"Joel","Nardo","NewEraCanningCo","5150TownCenterCir","BocaRaton","PalmBeach",,"33486","561-395-2277","561-395-7825","joel@nardo.com","http://www.joelnardo.com"
"Neil","Backus","SmithCapitalManagement","5215thAve","NewYork","NewYork",,"10175","212-537-4955","212-537-1181","neil@backus.com","http://www.neilbackus.com"
"Fausto","Marks","Donohue,BrianCEsq","200StuartSt","Boston",,"MA","02116","617-451-9353","617-451-2136","fausto@marks.com","http://www.faustomarks.com"
"Christa","Bodenschatz","StationersInc","TiltonRd","Danville","Vermilion",,"61832","217-443-6280","217-443-6382","christa@bodenschatz.com","http://www.christabodenschatz.com"
"Chi","Greenlaw","E&TScrewMachineProducts","4300NMillerRd#-143","Scottsdale","Maricopa",,"85251","480-946-1537","480-946-1657","chi@greenlaw.com","http://www.chigreenlaw.com"
"Kyle","Ferri","AmesPlumbing&Heating","1801E5thAve","Anchorage","Anchorage",,"99501","907-272-2216","907-272-7109","kyle@ferri.com","http://www.kyleferri.com"
"Freida","Michelfelder","FunDiscoveryInc","117MartinLutherKingJrDrS","Atlanta","Fulton",,"30303","404-521-3372","404-521-3223","freida@michelfelder.com","http://www.freidamichelfelder.com"
"Bryant","Bouliouris","Medlin,CharlesKJr","480WPearlAve","Jackson",,"WY","83001","307-733-8286","307-733-6041","bryant@bouliouris.com","http://www.bryantbouliouris.com"
"Emilia","Oxley","BuckeyeReserveTitle","14651DallasPky","Dallas","Dallas",,"75240","214-702-8125","214-702-4766","emilia@oxley.com","http://www.emiliaoxley.com"
"Naomi","Mcraven","OakBrookCapitalCorp","13456Se27thPl","Bellevue","King",,"98005","425-641-5463","425-641-5923","naomi@mcraven.com","http://www.naomimcraven.com"
"Dionne","Borycz","PepsiColaDrPepperBottling","77SWashingtonSt#-207","Rockville","Montgomery",,"20850","301-294-0154","301-294-7523","dionne@borycz.com","http://www.dionneborycz.com"
"Jimmy","Hrobsky","HowardJohnson","8253RonsonRd","SanDiego","SanDiego",,"92111","858-268-4663","858-268-4964","jimmy@hrobsky.com","http://www.jimmyhrobsky.com"
"Peggy","Hohlstein","SteritekInc","Rt20","Westfield","Hampden",,"01085","413-543-2933","413-543-3805","peggy@hohlstein.com","http://www.peggyhohlstein.com"
"Genevieve","Kekiwi","Lawson,JohnFEsq","8300BellTer","Newburgh",,"IN","47630","812-477-3620","812-477-3646","genevieve@kekiwi.com","http://www.genevievekekiwi.com"
"Terra","Plagge","Beach,JeffreyE","60MinutePhotoColormax","Evansville",,"IN","47715","812-477-9524","812-477-9617","terra@plagge.com","http://www.terraplagge.com"
"Allie","Pumphrey","Asher,RonaldLMd","501NWeinbachAve","Evansville",,"IN","47711","812-477-0753","812-477-4604","allie@pumphrey.com","http://www.alliepumphrey.com"
"Katina","Survant","KgtvChannel10","590N2ndE","MountainHome","Elmore",,"83647","208-587-3734","208-587-5574","katina@survant.com","http://www.katinasurvant.com"
"Marta","Warran","Wirth,JohnTEsq","2929WKennewickAve","Kennewick",,"WA","99336","509-735-8388","509-735-9193","marta@warran.com","http://www.martawarran.com"
"Rebekah","Lindboe","GraniteCorporation","600LasColinasBlvdE","Irving","Dallas",,"75039","972-556-1121","972-556-0801","rebekah@lindboe.com","http://www.rebekahlindboe.com"
"Roxie","Varenhorst","GoodNeighborRealEstate","1301DublinRd","Columbus","Franklin",,"43215","614-487-2917","614-487-4227","roxie@varenhorst.com","http://www.roxievarenhorst.com"
"Kennith","Peto","Kirschbaum,ThomasAEsq","2080PeachtreeIndustrialCt","Atlanta",,"GA","30341","770-455-4277","770-455-6746","kennith@peto.com","http://www.kennithpeto.com"
"Darrell","Amrich","Harris,JamesPIii","64WConvenient","Apex",,"NC","27502","919-362-8201","919-362-7475","darrell@amrich.com","http://www.darrellamrich.com"
"Savannah","Loffier","SaintCharlesCatv","501SJohnstoneAve","Bartlesville","Washington",,"74003","918-337-3201","918-337-4947","savannah@loffier.com","http://www.savannahloffier.com"
"Martin","Carley","Heil,JohnPEsq","680CountryW","Sylva",,"NC","28779","828-586-3914","828-586-8059","martin@carley.com","http://www.martincarley.com"
"Lacy","Hyten","Buy&SellPress","1PalmerSq","Princeton","Mercer",,"08542","609-683-3558","609-683-0649","lacy@hyten.com","http://www.lacyhyten.com"
"Forest","Orea","Clark,FrancisJ","6858SAshlandAve","Chicago",,"IL","60636","773-436-4531","773-436-2636","forest@orea.com","http://www.forestorea.com"
"Courtney","Shishido","BeymersJewelry","145W6thAve","Anchorage","Anchorage",,"99501","907-279-2737","907-279-2025","courtney@shishido.com","http://www.courtneyshishido.com"
"Annette","Frietas","MonsantoChemicalCompany","45W46thSt","NewYork","NewYork",,"10036","212-944-8670","212-944-9464","annette@frietas.com","http://www.annettefrietas.com"
"Karyn","Jinks","Maslen,DavidEsq","2318NGallowayAve","Mesquite",,"TX","75150","972-289-4090","972-289-3319","karyn@jinks.com","http://www.karynjinks.com"
"Edwin","Lavelli","LetterguideCo","W1stSt","EastLiverpool","Columbiana",,"43920","330-385-4581","330-385-9959","edwin@lavelli.com","http://www.edwinlavelli.com"
"Jimmie","Barninger","CaliforniaPaint&WlpaperStr","Box#-4038","Modesto","Stanislaus",,"95352","209-525-7568","209-525-4389","jimmie@barninger.com","http://www.jimmiebarninger.com"
"Merle","Wyrosdick","Keil,JamesJEsq","1350CampusPky","Neptune",,"NJ","07753","732-938-7301","732-938-7237","merle@wyrosdick.com","http://www.merlewyrosdick.com"
"Amelia","Caputo","SecurityMarketingAgency","1800AirportWay","Fairbanks","FairbanksNorthStar",,"99701","907-456-1748","907-456-7535","amelia@caputo.com","http://www.ameliacaputo.com"
"Germaine","Bruski","AlloyFounders","2301SCushmanSt","Fairbanks","FairbanksNorthStar",,"99701","907-456-8225","907-456-9261","germaine@bruski.com","http://www.germainebruski.com"
"Willa","Dutt","GutmannLeatherCoInc","2110PegerRd","Fairbanks","FairbanksNorthStar",,"99709","907-456-2885","907-456-2187","willa@dutt.com","http://www.willadutt.com"
"Cherie","Fuhri","ContinentalBakingCo","3679CollegeRd","Fairbanks","FairbanksNorthStar",,"99709","907-456-9072","907-456-8467","cherie@fuhri.com","http://www.cheriefuhri.com"
"Tyron","Quillman","AnalystsInternationalCorp","5300ShawneeRd","Alexandria","Fairfax",,"22312","703-354-9266","703-354-2554","tyron@quillman.com","http://www.tyronquillman.com"
"Charity","Dyckman","Marriott,FrankJr","6927OldSewardHwy","Anchorage",,"AK","99518","907-349-9880","907-349-4449","charity@dyckman.com","http://www.charitydyckman.com"
"Nanette","Turansky","SheratonSocietyHillHotel","52S2ndSt","Easton","Northampton",,"18042","610-250-6188","610-250-4334","nanette@turansky.com","http://www.nanetteturansky.com"
"Cherie","Schronce","Varda,JohnDuncanEsq","21603DevonshireSt","Chatsworth",,"CA","91311","818-718-2001","818-718-7339","cherie@schronce.com","http://www.cherieschronce.com"
"Theron","Hambright","SensorOilAndGasInc","905BrooksAve","Holland","Ottawa",,"49423","616-392-2074","616-392-0226","theron@hambright.com","http://www.theronhambright.com"
"Laurie","Bibbs","ActionNursingCareLlc","2101ClaremontAveNe","Albuquerque","Bernalillo",,"87107","505-881-2899","505-881-3771","laurie@bibbs.com","http://www.lauriebibbs.com"
"Angelo","Ferentz","Reagan,WilliamLEsq","3220E26thSt","LosAngeles",,"CA","90023","323-262-5047","323-262-8693","angelo@ferentz.com","http://www.angeloferentz.com"
"Denver","Topete","InsightCablevision","5770MorehouseDr","SanDiego","SanDiego",,"92121","858-457-3538","858-457-0465","denver@topete.com","http://www.denvertopete.com"
"Tommie","Reuland","Schaff,MichaelDEsq","1166ArroyoSt","SanFernando",,"CA","91340","818-361-4035","818-361-7493","tommie@reuland.com","http://www.tommiereuland.com"
"Delmer","Delucas","AmericanProcessingCoInc","2770WaldenAve","Buffalo","Erie",,"14225","716-874-1439","716-874-3467","delmer@delucas.com","http://www.delmerdelucas.com"
"Latisha","Bahls","SearchSouthInc","3E4thSt","Cincinnati","Hamilton",,"45202","513-784-5007","513-784-5275","latisha@bahls.com","http://www.latishabahls.com"
"Simone","Lundie","Casebolt,VictorSEsq","701S17thSt","Philadelphia",,"PA","19146","215-732-9026","215-732-8257","simone@lundie.com","http://www.simonelundie.com"
"Ross","Spurger","HooverGroupInc","710SIllinoisAve","Carbondale","Jackson",,"62901","618-453-9968","618-453-6144","ross@spurger.com","http://www.rossspurger.com"
"Abel","Tuter","WernsingPlumbing&Heating","2457PerkiomenAve","Reading","Berks",,"19606","610-370-6549","610-370-0856","abel@tuter.com","http://www.abeltuter.com"
"Beverley","Bunche","NursesOrganizationVetsAffrs","1727Nw79thAve","Miami","Miami-Dade",,"33126","305-591-4141","305-591-7751","beverley@bunche.com","http://www.beverleybunche.com"
"Lizzie","Torregrossa","Salerno&Son","78FaunceCornerRd","NorthDartmouth","Bristol",,"02747","508-997-1409","508-997-9846","lizzie@torregrossa.com","http://www.lizzietorregrossa.com"
"Tia","Neumaier","CartervilleMiniStorage","2500MaitlandCenterPky","Maitland","Orange",,"32751","407-660-7426","407-660-7628","tia@neumaier.com","http://www.tianeumaier.com"
"Lesa","Chantry","LutzCichySelig&Zeronda","1119NBodineSt","Philadelphia","Philadelphia",,"19123","215-923-0136","215-923-9492","lesa@chantry.com","http://www.lesachantry.com"
"Marcelo","Arostegui","MoraschsQualityMeats","76MallComp","Branson","Taney",,"65616","417-336-9702","417-336-2664","marcelo@arostegui.com","http://www.marceloarostegui.com"
"Jimmie","Hardgrove","ProsthodonticAssociates","305E47thSt","NewYork","NewYork",,"10017","212-980-0445","212-980-6914","jimmie@hardgrove.com","http://www.jimmiehardgrove.com"
"Renae","Eldrige","PexcoPackagingCorp","1716Rt77","Attica","Wyoming",,"14011","585-591-3118","585-591-9104","renae@eldrige.com","http://www.renaeeldrige.com"
"Tisha","Gorder","ParolyRampartSecSystems","77WHuronSt","Chicago","Cook",,"60610","312-642-2897","312-642-2664","tisha@gorder.com","http://www.tishagorder.com"
"Clarice","Knower","Yaffa,AndrewBEsq","210W79thSt","Chicago",,"IL","60620","773-846-1489","773-846-1462","clarice@knower.com","http://www.clariceknower.com"
"Sybil","Marmerchant","BlvdDistillers&Importers","12E7thAve","York","York",,"17404","717-845-4718","717-845-4736","sybil@marmerchant.com","http://www.sybilmarmerchant.com"
"Floyd","Veazey","RamadaInnSanFranArprtN","2877EFlorenceAve","HuntingtonPark","LosAngeles",,"90255","323-862-9133","323-862-5589","floyd@veazey.com","http://www.floydveazey.com"
"Reyna","Bangle","C&RContractorsInc","85LongIslandExpy","NewHydePark","Nassau",,"11040","516-627-8715","516-627-9033","reyna@bangle.com","http://www.reynabangle.com"
"Owen","Sparacino","Murtha,ThomasDEsq","2865PoplarAve","Memphis",,"TN","38111","901-324-9274","901-324-4381","owen@sparacino.com","http://www.owensparacino.com"
"Eli","Bettner","Shea,DavidJEsq","825WMainAve","Brewster",,"WA","98812","509-689-7964","509-689-1394","eli@bettner.com","http://www.elibettner.com"
"Taylor","Fogerty","KhouryFactoryOutlet","2000W120thAve","Denver","Adams",,"80234","303-465-0070","303-465-2109","taylor@fogerty.com","http://www.taylorfogerty.com"
"Reva","Lecates","FirstAmericanRltyAssocInc","829S14thSt","FernandinaBeach","Nassau",,"32034","904-261-0604","904-261-2123","reva@lecates.com","http://www.revalecates.com"
"Rodrigo","Wildrick","MidwestWreckingCompanyInc","120134thStN","SaintPetersburg","Pinellas",,"33713","727-323-5060","727-323-5982","rodrigo@wildrick.com","http://www.rodrigowildrick.com"
"George","Tukis","AndowPersonnelServices","8InnOfAmericus","Americus","Sumter",,"31709","229-924-0263","229-924-4251","george@tukis.com","http://www.georgetukis.com"
"Titus","Rodreguez","Vasquez&Co","7677EngineerRd","SanDiego","SanDiego",,"92111","858-571-0819","858-571-9047","titus@rodreguez.com","http://www.titusrodreguez.com"
"Emilio","Lampkin","Hendricks,KennethJCpa","834LoisDr","Williamstown",,"NJ","08094","856-629-8933","856-629-3337","emilio@lampkin.com","http://www.emiliolampkin.com"
"Maryjane","Arata","Larson,JohnREsq","342WolverineWay","Sparks",,"NV","89431","775-352-5822","775-352-1557","maryjane@arata.com","http://www.maryjanearata.com"
"Marcie","Shulz","UnitedPrintersInc","BlancoRd","SanAntonio","Bexar",,"78216","210-524-6711","210-524-1693","marcie@shulz.com","http://www.marcieshulz.com"
"Celia","Slavin","AcraAerospaceInc","8750WBrynMawrAve","Chicago","Cook",,"60631","773-256-3550","773-256-2162","celia@slavin.com","http://www.celiaslavin.com"
"Suzette","Devaughan","AnchorGraphicsInc","385ProspectAve","Hackensack","Bergen",,"07601","201-342-8964","201-342-9862","suzette@devaughan.com","http://www.suzettedevaughan.com"
"Christian","Marnell","Wenick,GeorgeDEsq","2750SpringboroRd","Dayton",,"OH","45439","937-293-9728","937-293-6782","christian@marnell.com","http://www.christianmarnell.com"
"Misty","Ericksen","Graham&AssociatesInc","18082nd","Cheney","Spokane",,"99004","509-235-8873","509-235-1856","misty@ericksen.com","http://www.mistyericksen.com"
"Bert","Schadle","GuarantyChevroletGeo","500SwLoop#-820","FortWorth","Tarrant",,"76115","817-921-5560","817-921-5913","bert@schadle.com","http://www.bertschadle.com"
"Bertram","Quertermous","FloridaMining&Materials","222DelawareAve","Wilmington","NewCastle",,"19801","302-655-8039","302-655-4522","bertram@quertermous.com","http://www.bertramquertermous.com"
"Buster","Wubbel","Collins,JosephBEsq","315UsRt1","FairlessHills",,"PA","19030","215-943-3689","215-943-6049","buster@wubbel.com","http://www.busterwubbel.com"
"Mildred","Gallegas","Rogers,WilliamAJr","310RidgeRd","Claymont",,"DE","19703","302-792-8044","302-792-1282","mildred@gallegas.com","http://www.mildredgallegas.com"
"Pat","Hoshaw","Jorgensen,JamesLEsq","30MatthewsRd","Malvern",,"PA","19355","610-644-7836","610-644-3252","pat@hoshaw.com","http://www.pathoshaw.com"
"Marshall","Hutch","Nako,JoyY","Route519","EightyFour",,"PA","15330","724-225-1729","724-225-7064","marshall@hutch.com","http://www.marshallhutch.com"
"Don","Mestler","ColdwellBnkrHearthsideRltrs","StateHwy#-31","Pennington","Mercer",,"08534","609-737-2033","609-737-2374","don@mestler.com","http://www.donmestler.com"
"Emery","Reek","MetriTechEngineeringInc","85SBeachviewDr","JekyllIsland","Glynn",,"31527","912-635-3866","912-635-4039","emery@reek.com","http://www.emeryreek.com"
"Ray","Srock","TiltLockInc","8700EPinnaclePeakRd","Scottsdale","Maricopa",,"85255","480-585-6138","480-585-4983","ray@srock.com","http://www.raysrock.com"
"Nickolas","Khosravi","Brennan,MaryVEsq","120TustinAve","NewportBeach",,"CA","92663","949-646-6578","949-646-0043","nickolas@khosravi.com","http://www.nickolaskhosravi.com"
"Aileen","Mottern","BennettHallmarkCards","2053LemoineAve","FortLee","Bergen",,"07024","201-944-1664","201-944-3382","aileen@mottern.com","http://www.aileenmottern.com"
"Chad","Araiza","Christiansen,DavidLCpa","536GrandAve","Schofield",,"WI","54476","715-359-8700","715-359-3579","chad@araiza.com","http://www.chadaraiza.com"
"Beverly","Cambel","McintyreMcintyre&Mcintyre","630W8thAve","Anchorage","Anchorage",,"99501","907-272-3953","907-272-3618","beverly@cambel.com","http://www.beverlycambel.com"
"Janice","Twiet","Henley,CalPa","136SRiversideAve","Rialto",,"CA","92376","909-874-6739","909-874-2594","janice@twiet.com","http://www.janicetwiet.com"
"Byron","Fortuna","Jackson&CollinsPa","700SwHigginsAve","Missoula","Missoula",,"59803","406-549-8320","406-549-4641","byron@fortuna.com","http://www.byronfortuna.com"
"Lynette","Setlock","GeorgeSOlive&Co","614WSuperiorAve","Cleveland","Cuyahoga",,"44113","216-566-2265","216-566-2299","lynette@setlock.com","http://www.lynettesetlock.com"
"Willard","Roughen","NakamuraOyama&AssocsInc","95officceProductCent","Arlington","Tarrant",,"76012","817-265-1847","817-265-0322","willard@roughen.com","http://www.willardroughen.com"
"Elisa","Gracely","Alexander,ChristineTEsq","1805KingsHwy","Brooklyn",,"NY","11229","718-627-1421","718-627-9346","elisa@gracely.com","http://www.elisagracely.com"
"Jeri","Farstvedt","Regan,DenisJEsq","16133VenturaBlvd#-700","Encino",,"CA","91436","818-986-8843","818-986-6786","jeri@farstvedt.com","http://www.jerifarstvedt.com"
"Stacey","Blow","Schechter,JeffreySEsq","136SRiversideAve","Rialto",,"CA","92376","909-874-0274","909-874-8538","stacey@blow.com","http://www.staceyblow.com"
"Bryan","Rovell","AllNAllShop","90HackensackSt","EastRutherford","Bergen",,"07073","201-939-2788","201-939-9079","bryan@rovell.com","http://www.bryanrovell.com"
"Joey","Bolick","UtilityTrailerSales","7700NCouncilRd","OklahomaCity","Oklahoma",,"73132","405-728-5972","405-728-5244","joey@bolick.com","http://www.joeybolick.com"
